id,first_name,last_name,email,gender,ip_address,Department,Age
1,Boothe,Camber,bcamber0@phoca.cz,Male,60.181.57.13,Accounting,24
2,Joel,Dighton,jdighton1@ucla.edu,Male,120.35.209.193,Accounting,55
3,Padraig,Heugh,pheugh2@wsj.com,Male,251.165.210.0,Human Resources,46
4,Vasily,Swait,vswait3@senate.gov,Male,124.225.211.45,Product Management,47
5,Worthington,Nimmo,wnimmo4@state.tx.us,Male,199.103.126.27,Support,39
6,Ansell,Palombi,apalombi5@altervista.org,Male,116.31.3.98,Services,55
7,Jason,Jaffray,jjaffray6@woothemes.com,Male,241.210.70.143,Sales,46
8,Michel,Greiser,mgreiser7@cbslocal.com,Male,47.47.20.188,Services,37
9,Ilysa,Plenty,iplenty8@gizmodo.com,Female,196.92.15.205,Human Resources,42
10,Dita,Kitchiner,dkitchiner9@bizjournals.com,Female,126.143.10.72,Services,36
11,Cesar,Davydoch,cdavydocha@cafepress.com,Male,78.194.196.5,Human Resources,69
12,Petronia,Michelmore,pmichelmoreb@squidoo.com,Female,54.37.58.137,Research and Development,24
13,Harald,Ollington,hollingtonc@nifty.com,Male,178.31.152.116,Accounting,62
14,Mendy,Dowdeswell,mdowdeswelld@oakley.com,Male,221.56.80.175,Training,36
15,Lotte,Farriar,lfarriare@pagesperso-orange.fr,Female,212.161.23.32,Marketing,60
16,Wallas,Rockhill,wrockhillf@ehow.com,Male,221.219.81.191,Research and Development,40
17,Kitty,Baudy,kbaudyg@histats.com,Female,29.77.122.87,Training,55
18,Graehme,Sandifer,gsandiferh@linkedin.com,Male,247.100.53.112,Support,25
19,Will,Axelby,waxelbyi@mayoclinic.com,Male,40.171.234.215,Legal,46
20,Pamelina,Shapcote,pshapcotej@elegantthemes.com,Female,77.116.31.50,Engineering,51
21,Roselle,Mowsley,rmowsleyk@creativecommons.org,Female,62.119.19.21,Training,39
22,Cathee,Hebbard,chebbardl@utexas.edu,Female,153.103.188.140,Accounting,56
23,Shalna,McPaike,smcpaikem@altervista.org,Female,253.159.50.207,Human Resources,35
24,Angelica,Illing,aillingn@washington.edu,Female,147.14.162.72,Services,68
25,Koren,Marousek,kmarouseko@who.int,Female,234.168.224.92,Marketing,66
26,Gael,Greneham,ggrenehamp@a8.net,Male,218.178.85.150,Product Management,55
27,Karina,Itzig,kitzigq@fastcompany.com,Female,218.82.36.255,Support,33
28,Tami,Akhurst,takhurstr@quantcast.com,Female,50.186.99.234,Human Resources,45
29,Yolanthe,Postins,ypostinss@china.com.cn,Female,143.64.0.72,Research and Development,26
30,Tabitha,Borton,tbortont@nifty.com,Female,234.227.77.55,Support,23
31,Kinsley,Mowles,kmowlesu@goo.gl,Male,224.210.172.48,Research and Development,32
32,Wenonah,Sidle,wsidlev@netvibes.com,Female,210.53.13.255,Support,52
33,Claiborn,Pentland,cpentlandw@phoca.cz,Male,204.196.199.182,Services,58
34,Linn,Ida,lidax@mapquest.com,Female,12.91.64.35,Training,41
35,Gardy,Creek,gcreeky@seattletimes.com,Male,144.132.134.209,Engineering,61
36,Annalee,Rushe,arushez@cmu.edu,Polygender,75.127.9.20,Services,59
37,Melicent,Solomonides,msolomonides10@amazon.co.uk,Female,225.121.137.47,Human Resources,58
38,Alina,Baudrey,abaudrey11@usa.gov,Genderfluid,207.41.5.170,Product Management,67
39,Ramsey,Cashell,rcashell12@mtv.com,Male,104.6.230.169,Training,55
40,Jude,Warre,jwarre13@nhs.uk,Male,161.53.213.52,Support,19
41,Ad,Garrett,agarrett14@thetimes.co.uk,Male,69.99.148.175,Legal,25
42,Thomasin,Radclyffe,tradclyffe15@technorati.com,Female,66.37.136.195,Sales,35
43,Drucy,Marston,dmarston16@weebly.com,Female,139.3.137.154,Research and Development,40
44,Kingsley,Fawke,kfawke17@cpanel.net,Male,152.183.216.41,Marketing,60
45,Clary,Bruckental,cbruckental18@japanpost.jp,Female,61.229.103.11,Sales,44
46,Dorena,Cornels,dcornels19@dell.com,Agender,151.221.61.38,Business Development,51
47,Martguerita,Tournay,mtournay1a@earthlink.net,Polygender,155.174.64.122,Human Resources,56
48,Renard,Currer,rcurrer1b@mtv.com,Male,83.89.215.3,Training,51
49,Clarence,Hoyte,choyte1c@over-blog.com,Male,216.36.154.32,Product Management,64
50,Saxe,Quincey,squincey1d@prweb.com,Male,39.148.46.38,Support,51
51,Amandy,Cavy,acavy1e@domainmarket.com,Female,66.20.66.166,Support,18
52,Luise,Gunny,lgunny1f@cam.ac.uk,Female,20.115.1.42,Business Development,26
53,Antone,Eilhermann,aeilhermann1g@hud.gov,Male,164.129.168.184,Services,47
54,Giordano,Josh,gjosh1h@reuters.com,Male,110.164.48.206,Marketing,66
55,Dane,Bringloe,dbringloe1i@prweb.com,Male,253.153.50.113,Business Development,25
56,Prescott,Gyrgorwicx,pgyrgorwicx1j@godaddy.com,Male,237.185.220.125,Marketing,27
57,Baxy,McPaike,bmcpaike1k@wikispaces.com,Male,117.229.143.150,Legal,58
58,Halli,De Beauchamp,hdebeauchamp1l@people.com.cn,Female,55.112.110.116,Human Resources,35
59,Freeland,Tacey,ftacey1m@cnbc.com,Male,161.159.65.169,Support,55
60,Tommy,Popham,tpopham1n@wix.com,Male,177.53.183.7,Support,33
61,Hayyim,Ondrich,hondrich1o@chicagotribune.com,Male,23.85.214.245,Services,42
62,Fredericka,Sheldon,fsheldon1p@reverbnation.com,Genderqueer,140.216.151.209,Sales,55
63,Adah,Mateiko,amateiko1q@123-reg.co.uk,Female,197.219.90.217,Research and Development,48
64,Ardelle,Driuzzi,adriuzzi1r@ycombinator.com,Female,70.146.135.204,Business Development,18
65,Ephrem,Rattray,erattray1s@dedecms.com,Male,253.1.22.172,Support,39
66,Lombard,D'Onisi,ldonisi1t@lycos.com,Male,164.9.104.73,Business Development,23
67,Berry,Finch,bfinch1u@example.com,Female,219.132.67.47,Research and Development,62
68,Marti,Hentze,mhentze1v@ebay.com,Female,231.12.137.66,Product Management,55
69,Ole,Luttger,oluttger1w@trellian.com,Male,2.204.7.177,Business Development,43
70,Amitie,Vallerine,avallerine1x@photobucket.com,Female,113.177.91.64,Human Resources,44
71,Oby,Solesbury,osolesbury1y@gmpg.org,Male,227.17.164.193,Product Management,59
72,Roselin,Ling,rling1z@theatlantic.com,Female,245.201.87.51,Business Development,34
73,Padgett,Warlton,pwarlton20@google.cn,Male,134.102.48.232,Research and Development,53
74,Georgena,Drummer,gdrummer21@narod.ru,Female,182.53.249.204,Research and Development,48
75,Haze,Linge,hlinge22@examiner.com,Male,223.238.114.150,Accounting,30
76,Tobe,Belfit,tbelfit23@utexas.edu,Male,101.76.54.216,Training,62
77,Garey,Hayles,ghayles24@ucoz.com,Male,248.180.191.158,Human Resources,44
78,Massimo,Oliveto,moliveto25@ebay.co.uk,Male,57.96.98.144,Services,32
79,Tallia,Salkild,tsalkild26@paypal.com,Female,202.152.230.63,Research and Development,55
80,Archy,Harland,aharland27@shareasale.com,Male,118.79.184.94,Marketing,24
81,Maribelle,Snowman,msnowman28@jimdo.com,Female,129.157.30.78,Human Resources,48
82,Athena,Spataro,aspataro29@economist.com,Female,89.194.96.246,Support,45
83,Shannan,Baress,sbaress2a@sciencedirect.com,Male,4.47.71.219,Services,36
84,Sianna,Howford,showford2b@cpanel.net,Female,102.101.133.220,Training,60
85,Aprilette,Philcock,aphilcock2c@nps.gov,Female,193.9.217.154,Human Resources,64
86,Myrna,Lahy,mlahy2d@pbs.org,Female,143.29.123.240,Human Resources,32
87,Benji,Cawse,bcawse2e@altervista.org,Male,3.215.127.110,Support,45
88,Alvin,Stit,astit2f@census.gov,Male,146.106.18.205,Research and Development,61
89,Valma,Macvey,vmacvey2g@sciencedaily.com,Female,193.30.22.79,Business Development,28
90,Dewain,Di Meo,ddimeo2h@purevolume.com,Male,2.172.216.2,Accounting,39
91,Halimeda,Scardafield,hscardafield2i@dyndns.org,Female,82.140.112.63,Product Management,38
92,Trevor,Ankers,tankers2j@telegraph.co.uk,Male,108.197.78.84,Accounting,70
93,Elijah,Gyppes,egyppes2k@hao123.com,Male,66.181.69.99,Product Management,36
94,Abagail,Latus,alatus2l@alibaba.com,Female,143.90.110.67,Business Development,39
95,Orville,De Bruyn,odebruyn2m@odnoklassniki.ru,Male,242.143.6.188,Marketing,69
96,Roderigo,Duiged,rduiged2n@soundcloud.com,Male,249.184.33.94,Business Development,22
97,Florenza,Wastell,fwastell2o@blogtalkradio.com,Female,72.133.203.222,Accounting,28
98,Renate,de Wilde,rdewilde2p@jiathis.com,Female,41.115.56.218,Marketing,41
99,Lief,McKeating,lmckeating2q@phoca.cz,Male,150.31.196.15,Accounting,45
100,Kariotta,Siseland,ksiseland2r@gnu.org,Female,109.25.233.232,Business Development,18
101,Harwilll,Lavigne,hlavigne2s@bloglines.com,Male,16.202.184.81,Marketing,57
102,Kelsey,Weinmann,kweinmann2t@51.la,Male,167.219.136.161,Engineering,23
103,Marni,Lacheze,mlacheze2u@infoseek.co.jp,Female,138.39.16.83,Human Resources,34
104,Gillan,Palmer,gpalmer2v@mozilla.com,Female,49.120.110.3,Research and Development,47
105,Bertram,Dunlap,bdunlap2w@dropbox.com,Male,216.18.43.228,Training,69
106,Arlene,Pirdue,apirdue2x@businesswire.com,Female,244.183.52.195,Marketing,25
107,Karl,Puncher,kpuncher2y@engadget.com,Male,189.93.147.47,Research and Development,46
108,Carleen,Raitie,craitie2z@foxnews.com,Female,253.20.186.132,Legal,57
109,Kathleen,Heinert,kheinert30@mayoclinic.com,Female,190.233.169.110,Accounting,58
110,Deborah,Caselli,dcaselli31@mapquest.com,Female,57.146.95.106,Business Development,66
111,Kirsteni,Bomb,kbomb32@webnode.com,Female,195.47.42.206,Engineering,32
112,Noak,Couvet,ncouvet33@hugedomains.com,Male,178.184.226.172,Legal,31
113,Dario,Gubbin,dgubbin34@baidu.com,Male,25.5.45.220,Human Resources,52
114,Kerwinn,Wooldridge,kwooldridge35@e-recht24.de,Male,58.62.135.117,Accounting,48
115,Sonny,Fairbanks,sfairbanks36@delicious.com,Agender,43.235.131.10,Engineering,46
116,Marley,Teal,mteal37@mlb.com,Female,254.71.159.64,Legal,63
117,Andreas,Deakes,adeakes38@nhs.uk,Male,54.107.208.96,Product Management,59
118,Papagena,Guillain,pguillain39@bbc.co.uk,Female,133.122.74.48,Accounting,43
119,Perry,Curgenuer,pcurgenuer3a@tinyurl.com,Female,91.88.122.6,Business Development,32
120,Graham,Gladtbach,ggladtbach3b@jugem.jp,Male,19.247.18.88,Marketing,48
121,Ferd,Fallow,ffallow3c@theatlantic.com,Male,64.95.188.157,Research and Development,30
122,Joyce,Keyho,jkeyho3d@cisco.com,Female,214.140.228.201,Business Development,20
123,Lucretia,Sneezum,lsneezum3e@microsoft.com,Female,250.44.247.83,Business Development,34
124,Doralin,Brandenberg,dbrandenberg3f@slashdot.org,Female,58.171.59.95,Human Resources,65
125,Hodge,Kmicicki,hkmicicki3g@arstechnica.com,Male,28.15.148.15,Legal,46
126,Donella,Yarmouth,dyarmouth3h@timesonline.co.uk,Female,225.253.103.246,Sales,60
127,Geoff,Anthiftle,ganthiftle3i@ovh.net,Male,117.175.113.136,Research and Development,63
128,Tod,Palffy,tpalffy3j@freewebs.com,Male,59.174.172.128,Research and Development,49
129,Christa,Filyaev,cfilyaev3k@redcross.org,Female,172.158.150.180,Engineering,59
130,Arluene,Blancowe,ablancowe3l@smh.com.au,Female,105.83.58.196,Legal,34
131,Georgie,Wildt,gwildt3m@miibeian.gov.cn,Male,74.82.64.227,Research and Development,42
132,Grover,Doige,gdoige3n@reverbnation.com,Male,254.95.163.200,Services,49
133,Sharon,Coverley,scoverley3o@squarespace.com,Female,23.160.93.20,Product Management,31
134,Carrie,Roseburgh,croseburgh3p@yellowbook.com,Female,175.96.202.122,Accounting,54
135,Garik,Wilgar,gwilgar3q@earthlink.net,Male,217.249.141.111,Product Management,23
136,Justin,Doring,jdoring3r@japanpost.jp,Male,189.200.65.167,Training,58
137,Harrie,Loughman,hloughman3s@tinypic.com,Female,84.247.142.154,Marketing,59
138,Saloma,Gleeton,sgleeton3t@toplist.cz,Female,76.70.83.106,Marketing,50
139,Yule,Grumell,ygrumell3u@microsoft.com,Male,215.39.208.181,Business Development,65
140,Dwayne,Cagan,dcagan3v@psu.edu,Male,97.181.159.129,Product Management,56
141,Kelsy,Wilcox,kwilcox3w@technorati.com,Female,153.246.163.206,Support,19
142,Cayla,Brunini,cbrunini3x@yelp.com,Female,82.103.185.94,Research and Development,66
143,Karlan,Fabry,kfabry3y@unblog.fr,Male,49.207.59.184,Training,57
144,Marianne,Crutcher,mcrutcher3z@usda.gov,Female,116.169.171.181,Accounting,20
145,Rene,Goodswen,rgoodswen40@delicious.com,Male,168.252.27.143,Support,62
146,Greg,Lawly,glawly41@homestead.com,Male,239.143.31.124,Support,52
147,Bar,Neilands,bneilands42@qq.com,Bigender,31.191.72.129,Human Resources,63
148,Dulcie,Scollick,dscollick43@hibu.com,Female,231.40.152.115,Business Development,21
149,Rudie,Kirsche,rkirsche44@ucla.edu,Male,78.252.215.134,Support,51
150,Sharleen,McKinney,smckinney45@comsenz.com,Bigender,218.128.92.231,Accounting,61
151,Lock,Seabourne,lseabourne46@seattletimes.com,Male,100.183.192.156,Human Resources,18
152,Datha,Willarton,dwillarton47@jalbum.net,Female,26.85.38.45,Product Management,44
153,Cecilla,Dennehy,cdennehy48@exblog.jp,Female,146.78.144.80,Sales,27
154,Grace,Reedie,greedie49@drupal.org,Female,236.47.109.200,Product Management,40
155,Hillary,Millichap,hmillichap4a@tinyurl.com,Male,174.214.100.107,Engineering,57
156,Cross,Colliar,ccolliar4b@phpbb.com,Male,90.81.250.3,Services,22
157,Celisse,Duplock,cduplock4c@360.cn,Female,61.203.13.31,Research and Development,20
158,Abbie,Climance,aclimance4d@sfgate.com,Male,14.193.14.8,Training,58
159,Far,Ulyat,fulyat4e@nbcnews.com,Male,211.42.93.59,Accounting,49
160,Meir,Earey,mearey4f@twitpic.com,Male,207.11.28.155,Services,48
161,Ede,Dredge,edredge4g@biglobe.ne.jp,Female,210.17.151.39,Product Management,18
162,Mandel,Clohissy,mclohissy4h@blogger.com,Male,181.255.14.252,Training,60
163,Glen,Filyakov,gfilyakov4i@msu.edu,Male,215.38.126.111,Services,44
164,Vanya,Tegeller,vtegeller4j@joomla.org,Bigender,178.199.29.48,Marketing,20
165,Shanda,Hembrow,shembrow4k@mac.com,Female,52.81.109.255,Training,49
166,Kris,Ecles,kecles4l@ifeng.com,Female,38.54.3.114,Product Management,66
167,Kory,Dyhouse,kdyhouse4m@t-online.de,Male,225.6.31.201,Human Resources,48
168,Lacy,Shapera,lshapera4n@parallels.com,Genderfluid,168.158.153.32,Business Development,51
169,Wade,Hirche,whirche4o@columbia.edu,Male,108.101.54.54,Product Management,53
170,Olivier,Moorman,omoorman4p@pen.io,Male,197.204.30.72,Marketing,31
171,Holly,Balhatchet,hbalhatchet4q@dailymail.co.uk,Female,213.172.111.21,Services,23
172,Ambrosi,Almon,aalmon4r@reuters.com,Male,60.109.144.240,Human Resources,63
173,Morley,Gowdie,mgowdie4s@sohu.com,Male,5.30.22.32,Research and Development,27
174,Isaak,Stive,istive4t@tinypic.com,Male,170.179.19.186,Training,36
175,Paxon,Jarnell,pjarnell4u@fda.gov,Male,193.211.253.193,Business Development,42
176,Dario,Kilgallen,dkilgallen4v@blog.com,Male,136.72.178.184,Engineering,37
177,Huntlee,Waterhowse,hwaterhowse4w@europa.eu,Male,203.64.49.190,Business Development,63
178,Iver,Corbet,icorbet4x@jimdo.com,Genderqueer,38.39.65.97,Business Development,55
179,Greg,Fewless,gfewless4y@auda.org.au,Male,236.133.200.223,Business Development,30
180,Geordie,Thumim,gthumim4z@cisco.com,Male,212.233.221.236,Training,30
181,Lucienne,Loveguard,lloveguard50@icio.us,Female,188.82.76.99,Support,31
182,Carol-jean,Kefford,ckefford51@creativecommons.org,Female,124.166.36.57,Support,47
183,Eulalie,Frickey,efrickey52@mozilla.com,Female,141.240.165.8,Human Resources,54
184,Yvor,Fernehough,yfernehough53@people.com.cn,Male,149.101.43.47,Human Resources,36
185,Amanda,Darnborough,adarnborough54@amazon.com,Female,207.125.246.145,Training,53
186,Katina,Dubble,kdubble55@cbsnews.com,Female,28.89.4.142,Human Resources,56
187,Libbi,Karle,lkarle56@webeden.co.uk,Female,109.163.57.21,Research and Development,20
188,Cazzie,Files,cfiles57@shop-pro.jp,Male,184.30.106.70,Research and Development,41
189,Sue,Sparham,ssparham58@cocolog-nifty.com,Female,123.111.122.49,Training,55
190,Janos,Abba,jabba59@bloomberg.com,Male,38.242.144.34,Services,38
191,Loni,Longmate,llongmate5a@twitter.com,Female,6.234.179.198,Engineering,20
192,Bartholomeus,Fitzpatrick,bfitzpatrick5b@marketwatch.com,Male,51.97.122.181,Training,40
193,Sindee,Philippsohn,sphilippsohn5c@nhs.uk,Female,81.4.151.59,Sales,66
194,Nixie,Marquez,nmarquez5d@dyndns.org,Female,38.136.162.192,Business Development,66
195,Franciskus,Rudolf,frudolf5e@goo.ne.jp,Male,162.60.55.163,Product Management,45
196,Dorian,Bingle,dbingle5f@auda.org.au,Female,96.251.233.39,Product Management,52
197,Marybelle,Jess,mjess5g@hhs.gov,Female,119.207.84.51,Research and Development,42
198,Harry,Paulisch,hpaulisch5h@nasa.gov,Male,224.69.82.137,Business Development,19
199,Haskel,Corbert,hcorbert5i@blinklist.com,Agender,153.27.188.30,Marketing,40
200,Karolina,Jacquemard,kjacquemard5j@blogger.com,Female,2.26.65.175,Legal,60
201,Karita,Baddeley,kbaddeley5k@php.net,Female,29.233.220.77,Sales,26
202,Hayward,Lincke,hlincke5l@google.co.uk,Male,76.151.2.117,Engineering,63
203,Tasha,Waterhous,twaterhous5m@t-online.de,Female,177.244.214.114,Human Resources,65
204,Lauri,Colbrun,lcolbrun5n@tinyurl.com,Female,55.8.221.194,Product Management,66
205,Ree,Willshere,rwillshere5o@ustream.tv,Female,197.246.66.173,Product Management,51
206,Aarika,Posselow,aposselow5p@elegantthemes.com,Female,208.31.91.232,Research and Development,31
207,Agnese,Gulliver,agulliver5q@google.nl,Female,74.253.251.135,Legal,42
208,Sammie,Ovington,sovington5r@hud.gov,Male,6.40.234.123,Services,43
209,Tanya,Francklyn,tfrancklyn5s@goo.gl,Female,215.228.206.57,Business Development,52
210,Gerard,Axston,gaxston5t@geocities.jp,Non-binary,253.17.98.130,Marketing,66
211,Noni,Oneill,noneill5u@comcast.net,Genderfluid,48.47.115.249,Engineering,61
212,Zandra,Hannay,zhannay5v@merriam-webster.com,Female,82.154.70.195,Services,55
213,Ricardo,Dumbrall,rdumbrall5w@un.org,Male,25.240.195.56,Marketing,20
214,Sibyl,Shirland,sshirland5x@ezinearticles.com,Male,35.9.135.217,Accounting,25
215,Andromache,Stigger,astigger5y@comcast.net,Female,45.160.39.60,Business Development,37
216,Ingamar,Goseling,igoseling5z@facebook.com,Male,87.80.132.229,Marketing,48
217,Dorotea,Plomer,dplomer60@narod.ru,Female,64.243.153.78,Marketing,25
218,Sherri,Ison,sison61@cbslocal.com,Female,230.143.13.171,Human Resources,54
219,Chandal,Roubottom,croubottom62@netlog.com,Genderqueer,162.89.21.221,Support,41
220,Timmie,Snalum,tsnalum63@csmonitor.com,Polygender,175.39.45.105,Product Management,49
221,Pauline,Davage,pdavage64@loc.gov,Female,0.62.240.102,Product Management,25
222,Clemmie,Umbers,cumbers65@guardian.co.uk,Female,169.178.240.231,Sales,32
223,Blancha,Harmes,bharmes66@myspace.com,Female,175.122.196.212,Training,53
224,Artair,Bulley,abulley67@indiegogo.com,Male,188.83.252.36,Human Resources,61
225,Darda,O'Scannill,doscannill68@redcross.org,Polygender,212.87.195.229,Marketing,69
226,Addy,Oller,aoller69@amazon.com,Male,148.243.68.54,Training,27
227,Artemus,Charer,acharer6a@dmoz.org,Male,87.227.151.214,Support,33
228,Zebedee,Wewell,zwewell6b@addtoany.com,Male,205.106.66.208,Support,36
229,Cassie,Bevis,cbevis6c@artisteer.com,Male,111.177.96.91,Marketing,70
230,Guglielmo,Wise,gwise6d@instagram.com,Polygender,112.74.35.88,Support,68
231,Marja,Normanvill,mnormanvill6e@mozilla.org,Female,79.117.133.146,Services,67
232,Chadwick,Galliver,cgalliver6f@dailymotion.com,Male,99.47.197.1,Accounting,48
233,Brady,Brugh,bbrugh6g@photobucket.com,Male,158.145.2.92,Training,35
234,Yoshiko,Luppitt,yluppitt6h@goo.gl,Female,41.75.192.75,Business Development,44
235,Lorens,Edwin,ledwin6i@shutterfly.com,Male,86.157.36.243,Engineering,36
236,Flint,McAleese,fmcaleese6j@businessweek.com,Male,127.214.135.121,Support,64
237,Kort,Brechin,kbrechin6k@odnoklassniki.ru,Male,169.69.136.23,Legal,36
238,Maribelle,Black,mblack6l@nationalgeographic.com,Female,23.233.10.208,Sales,19
239,Brod,Hince,bhince6m@disqus.com,Male,126.206.133.136,Support,58
240,Dacie,Blockwell,dblockwell6n@mit.edu,Genderfluid,21.121.91.160,Services,56
241,Yul,Rizzardo,yrizzardo6o@netlog.com,Male,126.112.41.74,Support,37
242,Gigi,Message,gmessage6p@umich.edu,Female,56.244.36.250,Services,51
243,Melisenda,Le Brom,mlebrom6q@unicef.org,Female,130.77.98.123,Human Resources,24
244,Ekaterina,McKevany,emckevany6r@ibm.com,Female,186.74.24.19,Services,50
245,Wandis,Colhoun,wcolhoun6s@china.com.cn,Female,15.68.214.123,Human Resources,39
246,Bard,Basey,bbasey6t@slashdot.org,Male,55.19.232.166,Research and Development,44
247,Alwin,McLucas,amclucas6u@indiegogo.com,Male,156.41.112.194,Sales,32
248,Kaile,Dahlberg,kdahlberg6v@themeforest.net,Female,161.141.54.181,Human Resources,34
249,Misty,Greg,mgreg6w@nationalgeographic.com,Female,68.144.74.10,Business Development,65
250,Marley,Faint,mfaint6x@t-online.de,Female,43.145.112.115,Product Management,31
251,Antoinette,Paddemore,apaddemore6y@yellowbook.com,Female,188.111.177.198,Product Management,31
252,Josee,Polak,jpolak6z@godaddy.com,Female,116.189.210.61,Engineering,35
253,Anton,Tees,atees70@businessweek.com,Male,111.239.239.132,Business Development,48
254,Violante,Brandle,vbrandle71@usa.gov,Non-binary,140.208.210.101,Product Management,23
255,Gayla,Vanns,gvanns72@msn.com,Female,92.213.102.126,Training,56
256,Teri,Moggie,tmoggie73@4shared.com,Female,167.68.208.118,Business Development,63
257,Tina,Kohnen,tkohnen74@auda.org.au,Female,184.227.65.186,Services,66
258,Gabrielle,Summerson,gsummerson75@uol.com.br,Female,10.80.120.170,Marketing,67
259,Lindy,Cannon,lcannon76@de.vu,Male,137.15.215.137,Engineering,47
260,Felice,MacAloren,fmacaloren77@plala.or.jp,Female,251.107.238.212,Human Resources,30
261,Adore,Barde,abarde78@princeton.edu,Female,130.14.47.143,Product Management,62
262,Casper,Tomczykowski,ctomczykowski79@xrea.com,Male,69.253.80.90,Product Management,65
263,Rupert,Sone,rsone7a@illinois.edu,Male,190.31.245.245,Engineering,33
264,Cole,Asher,casher7b@google.it,Male,199.91.113.74,Engineering,20
265,Clarie,Churchin,cchurchin7c@aboutads.info,Female,144.190.75.182,Training,21
266,Harp,Juleff,hjuleff7d@admin.ch,Male,214.25.50.146,Training,53
267,Conney,Saladin,csaladin7e@stanford.edu,Male,212.217.247.254,Marketing,55
268,Ofelia,Colmer,ocolmer7f@1688.com,Female,106.71.6.25,Legal,64
269,Elisabetta,Rubbens,erubbens7g@wired.com,Female,184.175.163.73,Accounting,31
270,Merla,Eyam,meyam7h@wsj.com,Female,91.136.2.250,Training,45
271,Roanna,Antrim,rantrim7i@photobucket.com,Female,117.6.67.21,Marketing,18
272,Pansy,Hunnicot,phunnicot7j@examiner.com,Female,18.113.211.223,Product Management,18
273,Morgan,Simonian,msimonian7k@boston.com,Male,41.131.1.113,Sales,59
274,Francene,Osgodby,fosgodby7l@mlb.com,Female,181.128.55.8,Marketing,46
275,Lizzie,Idwal Evans,lidwalevans7m@sitemeter.com,Female,66.213.62.150,Services,29
276,Mahmoud,Lacroix,mlacroix7n@tamu.edu,Male,176.125.80.35,Engineering,36
277,Veda,Angus,vangus7o@boston.com,Female,69.151.29.3,Marketing,40
278,Glad,MacVean,gmacvean7p@jiathis.com,Bigender,4.87.145.152,Engineering,55
279,Humphrey,Kitchenside,hkitchenside7q@mapy.cz,Male,100.241.224.151,Accounting,38
280,Devonna,Leguey,dleguey7r@sun.com,Female,20.154.69.193,Sales,48
281,Lindsy,Fearnill,lfearnill7s@umn.edu,Agender,40.131.112.128,Human Resources,26
282,Clywd,Lawrinson,clawrinson7t@kickstarter.com,Male,193.174.163.118,Human Resources,46
283,Merrile,Witson,mwitson7u@t-online.de,Female,186.218.249.8,Human Resources,25
284,Maire,Baythrop,mbaythrop7v@admin.ch,Female,176.166.215.224,Business Development,63
285,Tim,Metcalfe,tmetcalfe7w@studiopress.com,Female,191.135.185.222,Sales,64
286,Gizela,Kornilov,gkornilov7x@squidoo.com,Female,26.132.63.124,Marketing,45
287,Carolyne,Gerrelt,cgerrelt7y@google.it,Female,4.202.164.96,Accounting,32
288,Jaclin,Grime,jgrime7z@icq.com,Female,87.112.84.201,Sales,50
289,Napoleon,Adcock,nadcock80@issuu.com,Male,29.100.202.120,Legal,44
290,Davide,Leys,dleys81@vkontakte.ru,Male,78.186.14.237,Human Resources,24
291,Elvera,Belchem,ebelchem82@com.com,Female,42.10.164.140,Accounting,24
292,Cele,Struis,cstruis83@zdnet.com,Female,217.174.60.49,Business Development,33
293,Desmund,Cranshaw,dcranshaw84@archive.org,Male,235.239.152.65,Human Resources,24
294,Nannie,Mapston,nmapston85@youtu.be,Female,50.30.52.70,Product Management,44
295,Lindy,Milvarnie,lmilvarnie86@google.es,Male,112.16.74.118,Training,63
296,Teresina,Lauridsen,tlauridsen87@chronoengine.com,Female,1.171.13.220,Business Development,65
297,Toddy,Noto,tnoto88@ed.gov,Male,190.113.141.31,Accounting,34
298,Lisle,Durbyn,ldurbyn89@pbs.org,Male,187.52.76.27,Research and Development,19
299,Antin,Wiggett,awiggett8a@paginegialle.it,Male,122.44.87.214,Training,56
300,Julianne,Vaugham,jvaugham8b@usa.gov,Genderqueer,207.5.68.134,Services,48
301,Dugald,Lednor,dlednor8c@list-manage.com,Male,123.163.41.113,Legal,69
302,Libbey,Beyer,lbeyer8d@go.com,Female,4.52.181.201,Product Management,32
303,Ingeborg,Ross,iross8e@google.nl,Female,62.105.128.62,Services,40
304,Jilli,Zaczek,jzaczek8f@google.de,Polygender,157.64.172.36,Accounting,62
305,Robinia,Tague,rtague8g@npr.org,Agender,0.106.100.126,Engineering,39
306,Dulcinea,Clyma,dclyma8h@go.com,Female,214.108.104.175,Marketing,55
307,Jere,Purdie,jpurdie8i@auda.org.au,Male,32.101.58.146,Support,29
308,Justinn,Gronav,jgronav8j@accuweather.com,Female,148.187.109.240,Training,56
309,Sheree,Galero,sgalero8k@shop-pro.jp,Female,40.94.69.192,Accounting,70
310,Jessy,Dmiterko,jdmiterko8l@flavors.me,Female,110.224.172.208,Business Development,48
311,Nerita,Dewsnap,ndewsnap8m@comsenz.com,Female,237.41.123.157,Engineering,61
312,Aaren,Matei,amatei8n@devhub.com,Female,95.167.25.199,Sales,24
313,Nevsa,Climer,nclimer8o@chicagotribune.com,Female,0.11.180.114,Marketing,63
314,Gaylord,Shmyr,gshmyr8p@about.me,Male,13.99.186.145,Engineering,63
315,Shirleen,Gransden,sgransden8q@unblog.fr,Female,34.193.53.102,Product Management,24
316,Husain,Mcsarry,hmcsarry8r@si.edu,Male,244.78.65.90,Legal,69
317,Rutledge,Culross,rculross8s@surveymonkey.com,Male,10.193.194.63,Human Resources,51
318,Brandice,Rosenstiel,brosenstiel8t@vkontakte.ru,Female,188.51.89.248,Human Resources,52
319,Vic,Stannislawski,vstannislawski8u@nymag.com,Male,142.135.234.192,Legal,24
320,Sayers,Lyles,slyles8v@ihg.com,Male,69.161.152.218,Training,43
321,Mattheus,Manna,mmanna8w@hud.gov,Male,172.248.30.251,Research and Development,40
322,Gearalt,Jedrzejewski,gjedrzejewski8x@feedburner.com,Male,236.153.28.11,Accounting,35
323,Gwenneth,Strafen,gstrafen8y@csmonitor.com,Bigender,157.73.45.181,Engineering,33
324,Eldin,Guthrum,eguthrum8z@opera.com,Male,72.18.240.6,Training,68
325,Arda,Greder,agreder90@tumblr.com,Female,255.19.69.226,Support,38
326,Madge,Cowgill,mcowgill91@g.co,Female,78.188.233.162,Research and Development,47
327,Rosabel,Nestoruk,rnestoruk92@fema.gov,Female,245.251.186.205,Services,47
328,Leilah,Smedmore,lsmedmore93@histats.com,Female,189.167.201.88,Human Resources,28
329,Carley,Hoopper,choopper94@arstechnica.com,Female,148.168.84.62,Support,55
330,Rafaellle,Landrick,rlandrick95@goo.ne.jp,Male,151.205.16.43,Accounting,55
331,Dalli,Cleugher,dcleugher96@de.vu,Male,251.151.220.18,Training,41
332,Penelope,Ditts,pditts97@google.com.au,Female,42.134.187.67,Product Management,65
333,Deerdre,Dilawey,ddilawey98@devhub.com,Genderfluid,188.51.173.35,Engineering,52
334,Tamarra,Dickin,tdickin99@51.la,Female,144.252.84.172,Training,41
335,Lucio,Copyn,lcopyn9a@canalblog.com,Male,172.92.62.34,Accounting,40
336,Skippy,Mabbett,smabbett9b@amazon.de,Male,179.40.177.13,Legal,46
337,Paulie,Tebbs,ptebbs9c@omniture.com,Male,40.28.249.193,Support,44
338,William,Pennone,wpennone9d@vimeo.com,Bigender,128.146.2.92,Support,23
339,Daniel,Wilsey,dwilsey9e@livejournal.com,Male,28.117.52.198,Training,50
340,Benji,Casburn,bcasburn9f@opera.com,Male,41.218.190.189,Sales,59
341,Aurlie,Perrin,aperrin9g@seesaa.net,Female,200.196.233.155,Product Management,56
342,Emelita,Facchini,efacchini9h@techcrunch.com,Female,241.61.131.118,Accounting,62
343,Peggie,Dimnage,pdimnage9i@mtv.com,Female,243.121.3.222,Training,55
344,Warner,Snawden,wsnawden9j@qq.com,Male,165.193.88.227,Accounting,24
345,Cherry,McIllrick,cmcillrick9k@yolasite.com,Female,52.81.49.73,Legal,38
346,Constantina,Glamart,cglamart9l@flavors.me,Female,148.159.149.85,Research and Development,61
347,Hurlee,Valance,hvalance9m@newsvine.com,Non-binary,219.158.10.174,Legal,70
348,Ave,Hargie,ahargie9n@sohu.com,Male,26.142.90.161,Support,24
349,Charley,Blunsden,cblunsden9o@trellian.com,Male,163.158.152.39,Research and Development,46
350,Jedediah,Drei,jdrei9p@rakuten.co.jp,Male,216.252.206.238,Accounting,24
351,Cammie,Budgen,cbudgen9q@archive.org,Female,229.177.53.82,Product Management,49
352,Maurice,Delhanty,mdelhanty9r@boston.com,Male,29.153.208.195,Product Management,55
353,Rita,Bartoszek,rbartoszek9s@webnode.com,Female,82.76.45.27,Legal,28
354,Ravi,Egan,regan9t@vistaprint.com,Male,24.219.40.200,Marketing,69
355,Ketty,Shilburne,kshilburne9u@tmall.com,Female,96.225.180.17,Services,51
356,Bidget,Klemps,bklemps9v@nasa.gov,Female,7.107.173.106,Engineering,24
357,Cordelie,Jenteau,cjenteau9w@flickr.com,Female,15.168.161.224,Sales,31
358,Quintin,Kurten,qkurten9x@elegantthemes.com,Male,176.150.140.126,Human Resources,43
359,Cecilia,Saines,csaines9y@homestead.com,Female,110.60.69.206,Business Development,44
360,Cherilyn,Bardwell,cbardwell9z@is.gd,Genderqueer,250.228.198.57,Support,35
361,Gwenette,Halston,ghalstona0@acquirethisname.com,Female,29.33.141.243,Accounting,51
362,Gustav,Kidner,gkidnera1@tamu.edu,Male,39.205.125.86,Marketing,69
363,Poppy,Bleier,pbleiera2@behance.net,Female,107.166.116.226,Support,66
364,Frederik,Rainsdon,frainsdona3@smugmug.com,Non-binary,99.125.76.143,Legal,29
365,Dido,Bontoft,dbontofta4@un.org,Agender,158.226.119.187,Legal,27
366,Georas,Senussi,gsenussia5@seattletimes.com,Male,99.254.214.235,Engineering,64
367,Anna-maria,Copland,acoplanda6@discuz.net,Female,184.21.212.79,Marketing,47
368,Mathian,McCerery,mmccererya7@tiny.cc,Male,129.205.44.2,Training,70
369,Legra,Rouge,lrougea8@yandex.ru,Female,181.212.246.189,Legal,20
370,Jackelyn,McNish,jmcnisha9@sina.com.cn,Agender,250.96.215.164,Services,40
371,Neal,McPhilemy,nmcphilemyaa@squidoo.com,Male,33.31.25.117,Business Development,30
372,Baudoin,Gealy,bgealyab@nymag.com,Male,185.66.163.172,Sales,46
373,Emilia,Tolland,etollandac@slashdot.org,Female,35.231.207.140,Sales,20
374,Prisca,Rayworth,prayworthad@sciencedirect.com,Female,254.157.145.115,Legal,36
375,Alfredo,Simmins,asimminsae@seattletimes.com,Male,179.170.127.1,Business Development,45
376,Errol,Normavell,enormavellaf@blogtalkradio.com,Male,214.214.171.215,Support,53
377,Brenden,Jobes,bjobesag@domainmarket.com,Male,227.238.101.10,Business Development,48
378,Meaghan,Stetlye,mstetlyeah@twitter.com,Female,30.175.70.181,Product Management,26
379,Gabriel,Edgerton,gedgertonai@phpbb.com,Genderfluid,26.70.251.174,Marketing,45
380,Clim,Chadbourne,cchadbourneaj@japanpost.jp,Male,243.46.252.20,Accounting,57
381,Kally,Stribbling,kstribblingak@latimes.com,Polygender,77.205.250.60,Sales,52
382,Vevay,Durak,vdurakal@ezinearticles.com,Female,33.90.230.216,Product Management,55
383,Elysee,Masey,emaseyam@bigcartel.com,Female,138.222.94.141,Sales,45
384,Harlie,Hatje,hhatjean@usda.gov,Female,146.55.208.140,Human Resources,21
385,Petronella,Salvage,psalvageao@jigsy.com,Female,117.38.235.84,Accounting,21
386,Kristel,Jarmaine,kjarmaineap@constantcontact.com,Female,100.34.74.91,Business Development,64
387,Anastasie,Bispo,abispoaq@msu.edu,Female,251.85.208.54,Research and Development,60
388,Gunther,Marples,gmarplesar@edublogs.org,Male,162.80.173.55,Services,25
389,Birch,Bolliver,bbolliveras@posterous.com,Male,88.219.157.104,Product Management,66
390,Winna,Moncrefe,wmoncrefeat@weibo.com,Female,245.145.149.241,Business Development,49
391,Chucho,Puckinghorne,cpuckinghorneau@tripadvisor.com,Polygender,159.162.6.208,Human Resources,49
392,Kristyn,Cokely,kcokelyav@arizona.edu,Female,101.147.82.153,Human Resources,24
393,Sophie,Disley,sdisleyaw@cyberchimps.com,Female,247.94.194.163,Accounting,34
394,Janith,Jeanesson,jjeanessonax@ocn.ne.jp,Female,186.26.52.253,Support,47
395,Riordan,Vispo,rvispoay@wunderground.com,Male,31.226.210.126,Product Management,48
396,Ag,Bernhardi,abernhardiaz@cnet.com,Female,158.233.95.34,Legal,42
397,Datha,Cogley,dcogleyb0@smugmug.com,Female,251.140.0.214,Product Management,49
398,Giselle,Pepperill,gpepperillb1@un.org,Female,141.205.134.86,Business Development,54
399,Colene,Coddrington,ccoddringtonb2@thetimes.co.uk,Female,150.66.123.1,Accounting,65
400,Tye,Divver,tdivverb3@chronoengine.com,Male,138.110.123.39,Human Resources,56
401,Tabbatha,Bassindale,tbassindaleb4@netvibes.com,Female,58.41.12.112,Product Management,67
402,Clifford,Rowsel,crowselb5@rambler.ru,Non-binary,158.9.214.57,Training,36
403,Berty,Sandyford,bsandyfordb6@cdc.gov,Polygender,66.91.254.165,Business Development,38
404,Gunar,Reihm,greihmb7@psu.edu,Male,133.201.142.222,Accounting,24
405,Rodge,Hamments,rhammentsb8@over-blog.com,Male,79.29.134.132,Sales,47
406,Arlyn,Thornham,athornhamb9@umich.edu,Female,157.228.47.189,Research and Development,28
407,Virgie,Crallan,vcrallanba@sogou.com,Female,158.50.254.14,Services,27
408,Cally,Annatt,cannattbb@cornell.edu,Female,52.202.98.222,Research and Development,65
409,Leroi,Cadney,lcadneybc@npr.org,Male,193.210.97.151,Accounting,46
410,Shandeigh,Prendergrast,sprendergrastbd@globo.com,Female,49.13.71.236,Legal,41
411,Gerrilee,Bodker,gbodkerbe@yolasite.com,Female,40.165.108.66,Training,50
412,Dorian,MacMeekan,dmacmeekanbf@123-reg.co.uk,Genderfluid,7.143.170.34,Marketing,61
413,Arlan,Aggas,aaggasbg@wordpress.com,Male,43.142.224.137,Sales,37
414,Carole,Giffen,cgiffenbh@privacy.gov.au,Female,137.150.227.63,Support,34
415,Korrie,Wickersley,kwickersleybi@joomla.org,Female,65.15.39.91,Support,69
416,Flore,Schutter,fschutterbj@hibu.com,Female,101.180.211.58,Research and Development,38
417,Jean,Found,jfoundbk@amazon.co.jp,Male,123.139.224.250,Training,33
418,Ellswerth,Font,efontbl@tamu.edu,Non-binary,159.202.153.207,Product Management,33
419,Kim,Louedey,klouedeybm@altervista.org,Female,40.151.226.45,Research and Development,49
420,Marylynne,Brason,mbrasonbn@apple.com,Female,153.32.59.185,Research and Development,56
421,Amanda,Yitzhak,ayitzhakbo@omniture.com,Genderqueer,120.25.110.210,Product Management,23
422,Averill,Samber,asamberbp@acquirethisname.com,Male,44.181.143.62,Engineering,47
423,Emmott,Cantos,ecantosbq@blogtalkradio.com,Genderqueer,124.218.105.132,Business Development,28
424,Judy,Frenzl,jfrenzlbr@cnet.com,Female,181.88.120.24,Services,57
425,Atlanta,McPhail,amcphailbs@ft.com,Female,152.168.252.2,Research and Development,53
426,Merry,Keepin,mkeepinbt@g.co,Bigender,58.111.1.221,Sales,49
427,Faun,Penni,fpennibu@digg.com,Female,97.166.129.85,Research and Development,60
428,Sebastiano,Domelaw,sdomelawbv@ox.ac.uk,Male,228.226.170.139,Sales,57
429,Allistir,Danniell,adanniellbw@nsw.gov.au,Male,88.148.228.231,Business Development,49
430,Mireille,Beaton,mbeatonbx@naver.com,Female,135.31.217.75,Accounting,41
431,Osborn,Wadley,owadleyby@spotify.com,Male,163.198.41.114,Product Management,65
432,Will,Liddard,wliddardbz@newsvine.com,Male,30.201.75.87,Sales,46
433,Fawn,Caville,fcavillec0@tripadvisor.com,Female,29.84.188.200,Marketing,65
434,Aldric,Crosskill,acrosskillc1@baidu.com,Male,14.107.171.253,Services,52
435,Jeffrey,Byfford,jbyffordc2@usda.gov,Male,206.225.220.209,Sales,39
436,Gardner,Hewins,ghewinsc3@a8.net,Male,89.227.231.42,Product Management,31
437,Daphene,Flux,dfluxc4@vk.com,Female,157.215.45.172,Business Development,20
438,Bobbette,Litster,blitsterc5@myspace.com,Female,225.248.21.180,Accounting,24
439,Fae,Copestick,fcopestickc6@nih.gov,Female,79.57.124.217,Research and Development,52
440,Cchaddie,Mulleary,cmullearyc7@delicious.com,Genderfluid,255.41.135.153,Marketing,52
441,Rogerio,Herkess,rherkessc8@boston.com,Male,202.220.218.136,Research and Development,49
442,Irv,Coleborn,icolebornc9@archive.org,Male,104.40.243.71,Legal,29
443,Eilis,Richings,erichingsca@admin.ch,Female,249.213.28.180,Business Development,33
444,Marylou,Joselevitz,mjoselevitzcb@privacy.gov.au,Female,3.235.63.203,Engineering,62
445,Winnah,Winn,wwinncc@google.nl,Female,6.110.2.93,Research and Development,69
446,Wade,Krishtopaittis,wkrishtopaittiscd@mysql.com,Male,67.245.210.8,Research and Development,68
447,Delilah,Doggrell,ddoggrellce@hhs.gov,Female,78.197.49.83,Human Resources,47
448,Liam,Foad,lfoadcf@discuz.net,Male,211.199.184.15,Support,18
449,Karola,Ledner,klednercg@sbwire.com,Non-binary,12.245.142.220,Product Management,28
450,Cortney,Bardell,cbardellch@miibeian.gov.cn,Female,169.73.146.76,Product Management,41
451,Miranda,Sheard,msheardci@ameblo.jp,Female,36.40.197.199,Services,47
452,Trenna,Ryall,tryallcj@slideshare.net,Female,163.118.167.189,Support,26
453,Stanton,Sposito,sspositock@miitbeian.gov.cn,Male,177.175.247.169,Business Development,54
454,Rolf,Marvell,rmarvellcl@delicious.com,Male,175.67.238.58,Research and Development,39
455,Anica,Raun,arauncm@reverbnation.com,Female,187.0.151.35,Business Development,67
456,Jerrie,Shutler,jshutlercn@creativecommons.org,Genderqueer,208.246.196.48,Sales,21
457,Cookie,Millson,cmillsonco@cbc.ca,Female,58.168.117.7,Training,61
458,Lenci,Stickins,lstickinscp@ihg.com,Male,177.251.11.180,Business Development,36
459,Laurella,Thorn,lthorncq@epa.gov,Female,201.217.56.251,Legal,50
460,Arie,Cottey,acotteycr@1und1.de,Male,118.21.65.235,Product Management,69
461,Leonid,Hoy,lhoycs@fda.gov,Male,66.203.156.92,Human Resources,28
462,Marin,Ramsdale,mramsdalect@themeforest.net,Female,97.2.223.251,Business Development,43
463,Delmor,Beardwell,dbeardwellcu@rediff.com,Male,52.26.244.123,Marketing,40
464,Claudianus,Wherrett,cwherrettcv@stanford.edu,Male,126.254.187.206,Sales,23
465,Rayner,Stock,rstockcw@dedecms.com,Male,188.11.24.27,Services,20
466,Moreen,Gerling,mgerlingcx@instagram.com,Female,164.161.106.7,Services,50
467,Lizabeth,Rennison,lrennisoncy@prlog.org,Female,73.48.250.11,Sales,46
468,Charo,Geertz,cgeertzcz@yellowbook.com,Female,238.8.67.231,Legal,66
469,Claiborn,Hawkett,chawkettd0@t-online.de,Male,17.16.29.224,Engineering,38
470,Ezechiel,Boorne,eboorned1@reference.com,Male,21.141.19.78,Training,29
471,Anselma,Mollene,amollened2@tinyurl.com,Female,212.222.27.29,Legal,34
472,Gerardo,Keyse,gkeysed3@booking.com,Male,181.103.95.184,Accounting,47
473,Minette,Castro,mcastrod4@theguardian.com,Female,18.165.246.23,Research and Development,49
474,Ambrosio,Marthen,amarthend5@yolasite.com,Male,87.41.189.6,Sales,41
475,Dion,Mulbery,dmulberyd6@globo.com,Female,106.175.40.248,Training,67
476,Syman,Drohun,sdrohund7@wufoo.com,Male,112.168.112.222,Accounting,35
477,Cully,Braben,cbrabend8@opensource.org,Male,85.43.178.60,Human Resources,38
478,Oren,Kerfoot,okerfootd9@studiopress.com,Male,127.220.172.216,Marketing,50
479,Gualterio,Freeborn,gfreebornda@paypal.com,Male,231.239.152.83,Training,67
480,Cassandre,Hamberston,chamberstondb@shinystat.com,Female,28.127.202.239,Marketing,31
481,Emmerich,Whimper,ewhimperdc@economist.com,Male,191.183.198.76,Product Management,42
482,Jens,MacCrachen,jmaccrachendd@nytimes.com,Male,86.52.241.76,Engineering,26
483,Sigismond,Braley,sbraleyde@amazon.co.uk,Male,51.17.33.199,Marketing,29
484,Harriette,Spurnier,hspurnierdf@mozilla.com,Female,95.21.44.96,Marketing,36
485,Jamison,Elsop,jelsopdg@ifeng.com,Male,252.143.122.193,Research and Development,58
486,Jeannette,Kestian,jkestiandh@squidoo.com,Female,52.154.241.62,Marketing,29
487,Adorne,Anthony,aanthonydi@ftc.gov,Female,165.49.208.39,Legal,55
488,Kit,Ferenczy,kferenczydj@squidoo.com,Female,124.45.241.254,Training,35
489,Maribelle,Oty,motydk@usda.gov,Female,79.175.101.109,Product Management,39
490,Pammy,Shimuk,pshimukdl@google.com.hk,Female,122.164.250.221,Support,67
491,Letisha,Jorissen,ljorissendm@ehow.com,Female,17.82.16.42,Sales,36
492,Nikolos,Spinozzi,nspinozzidn@upenn.edu,Male,196.149.148.6,Legal,58
493,Deerdre,Fairlamb,dfairlambdo@sitemeter.com,Female,206.80.137.41,Legal,60
494,Gallagher,Oseland,goselanddp@typepad.com,Male,79.240.8.80,Human Resources,46
495,Myrle,Neaves,mneavesdq@drupal.org,Female,202.10.163.184,Support,56
496,Alric,Keegan,akeegandr@hubpages.com,Male,137.52.248.211,Research and Development,56
497,Marylinda,Mosdill,mmosdillds@deviantart.com,Female,46.85.1.29,Business Development,63
498,Tony,Henker,thenkerdt@reverbnation.com,Female,43.60.153.34,Sales,56
499,Eyde,Josefowicz,ejosefowiczdu@myspace.com,Female,191.152.141.190,Training,62
500,Evered,Giovannoni,egiovannonidv@usnews.com,Male,69.185.58.5,Product Management,68
501,Rachel,Passion,rpassiondw@woothemes.com,Female,132.236.142.69,Sales,31
502,Roselin,Bickerdike,rbickerdikedx@51.la,Female,240.124.198.219,Legal,44
503,Billy,Glowinski,bglowinskidy@hp.com,Male,232.23.6.151,Accounting,21
504,Betteanne,Ehlerding,behlerdingdz@comcast.net,Female,239.53.109.158,Engineering,35
505,Wallache,Woolen,wwoolene0@e-recht24.de,Male,160.76.197.251,Legal,23
506,Lonee,Piscopello,lpiscopelloe1@nydailynews.com,Female,253.208.207.37,Support,54
507,Aurore,Ivashin,aivashine2@squidoo.com,Female,4.157.212.231,Legal,40
508,Kyle,Brand,kbrande3@google.co.jp,Male,149.121.88.9,Business Development,38
509,Hanny,Mucillo,hmucilloe4@fastcompany.com,Female,218.186.171.156,Research and Development,21
510,Nappie,Allden,nalldene5@wikia.com,Male,87.77.60.152,Training,60
511,Kristina,Gredden,kgreddene6@upenn.edu,Female,207.27.131.8,Sales,23
512,Consalve,Backs,cbackse7@uiuc.edu,Male,250.156.2.82,Business Development,24
513,Etienne,Erlam,eerlame8@tumblr.com,Male,187.17.14.91,Business Development,62
514,Timothea,Cassar,tcassare9@craigslist.org,Female,116.96.17.191,Human Resources,56
515,Morgen,Onn,monnea@myspace.com,Female,167.224.103.37,Engineering,54
516,Meade,Gibbieson,mgibbiesoneb@moonfruit.com,Female,222.198.82.195,Support,27
517,Allie,Ertel,aertelec@wikipedia.org,Male,229.152.49.252,Sales,52
518,Erin,Norris,enorrised@51.la,Female,2.151.244.30,Human Resources,64
519,Jacqui,Fowden,jfowdenee@cnet.com,Non-binary,197.241.55.161,Services,26
520,Toddy,Tivolier,ttivolieref@fema.gov,Male,255.247.192.218,Marketing,50
521,Tasha,Boutcher,tboutchereg@cyberchimps.com,Female,181.213.65.237,Legal,28
522,Wallis,Hailwood,whailwoodeh@wix.com,Female,172.68.27.213,Business Development,28
523,Stormi,Fossey,sfosseyei@time.com,Genderqueer,144.103.82.8,Sales,44
524,Charleen,Luddy,cluddyej@taobao.com,Female,31.249.199.186,Sales,61
525,Jamison,Matthai,jmatthaiek@purevolume.com,Genderfluid,6.68.55.24,Engineering,23
526,Eimile,Lannin,elanninel@twitter.com,Female,83.191.127.91,Research and Development,70
527,Rozelle,Holstein,rholsteinem@flavors.me,Female,145.187.232.112,Sales,19
528,Gregoire,Beeston,gbeestonen@nature.com,Agender,221.88.53.161,Marketing,45
529,Beverie,Simononsky,bsimononskyeo@paypal.com,Female,232.167.82.162,Services,18
530,Benjy,Fullager,bfullagerep@topsy.com,Male,116.233.142.215,Services,54
531,Renata,Triggel,rtriggeleq@about.me,Female,81.28.235.244,Support,68
532,Paige,Jansa,pjansaer@unc.edu,Male,163.45.212.44,Marketing,24
533,Mareah,Churchlow,mchurchlowes@bing.com,Female,182.12.246.183,Research and Development,26
534,Hermine,Cudde,hcuddeet@ihg.com,Female,177.167.87.118,Sales,67
535,Albrecht,Mundford,amundfordeu@cornell.edu,Male,207.245.176.117,Research and Development,68
536,Nikolas,Balmann,nbalmannev@kickstarter.com,Male,56.221.64.66,Training,55
537,Gare,Bresnen,gbresnenew@examiner.com,Male,187.226.44.253,Business Development,40
538,Grantley,Verna,gvernaex@sbwire.com,Male,14.165.11.184,Accounting,27
539,Claudia,Byford,cbyfordey@umn.edu,Female,188.145.66.121,Marketing,31
540,Tallulah,Pund,tpundez@google.ru,Female,33.177.12.54,Product Management,29
541,Camile,Briffett,cbriffettf0@ask.com,Female,23.14.87.150,Engineering,43
542,Sayre,Peters,spetersf1@drupal.org,Female,99.171.216.95,Research and Development,34
543,Jackson,Baigent,jbaigentf2@nih.gov,Male,195.150.147.243,Support,59
544,Clevie,Ness,cnessf3@netscape.com,Male,243.54.30.3,Services,26
545,Lynnea,Nazaret,lnazaretf4@w3.org,Female,142.51.243.238,Legal,31
546,Jolie,Munehay,jmunehayf5@infoseek.co.jp,Female,49.80.153.147,Research and Development,56
547,Portia,Shelsher,pshelsherf6@sfgate.com,Genderqueer,238.35.252.124,Marketing,66
548,Phip,Ovens,povensf7@jigsy.com,Male,130.229.162.199,Sales,44
549,Adolf,Vigar,avigarf8@theglobeandmail.com,Male,146.198.32.209,Human Resources,53
550,Verina,Lanning,vlanningf9@shop-pro.jp,Female,18.9.255.56,Human Resources,46
551,Pammy,Beggini,pbegginifa@techcrunch.com,Female,230.57.235.59,Research and Development,45
552,Ursa,Gatchell,ugatchellfb@4shared.com,Female,133.159.56.130,Business Development,33
553,Xenos,Mebes,xmebesfc@digg.com,Male,125.177.250.139,Research and Development,38
554,Gill,Konke,gkonkefd@theglobeandmail.com,Female,192.130.167.225,Sales,39
555,Matty,Pietranek,mpietranekfe@themeforest.net,Female,223.93.34.126,Product Management,65
556,Friederike,MacMurray,fmacmurrayff@networksolutions.com,Female,190.117.52.89,Legal,18
557,Darby,Happel,dhappelfg@is.gd,Male,51.119.152.33,Support,26
558,Harwell,Deetch,hdeetchfh@homestead.com,Genderqueer,218.16.252.120,Engineering,39
559,Eugine,Goldstone,egoldstonefi@technorati.com,Female,39.78.115.58,Services,43
560,Edithe,Higgan,ehigganfj@reddit.com,Female,148.56.193.160,Business Development,18
561,Thorstein,Drabble,tdrabblefk@ehow.com,Male,118.87.220.135,Human Resources,28
562,Clywd,Turn,cturnfl@blogspot.com,Male,25.164.83.228,Sales,18
563,Wakefield,Doctor,wdoctorfm@gov.uk,Male,159.151.140.178,Engineering,32
564,Nickolas,Haughian,nhaughianfn@hatena.ne.jp,Male,47.186.41.136,Business Development,47
565,Thaxter,Coda,tcodafo@tripadvisor.com,Male,54.163.244.190,Services,44
566,Woodie,Sauter,wsauterfp@github.com,Male,133.27.98.110,Training,57
567,Padraic,Blackster,pblacksterfq@unesco.org,Male,100.214.118.132,Legal,40
568,Alanson,Shewsmith,ashewsmithfr@liveinternet.ru,Male,15.177.159.57,Services,40
569,Truda,Dixsee,tdixseefs@google.fr,Female,32.113.233.219,Support,27
570,Camala,Pullinger,cpullingerft@marriott.com,Female,127.166.55.91,Accounting,36
571,Maryjane,MacVaugh,mmacvaughfu@telegraph.co.uk,Female,194.85.0.137,Services,44
572,Justino,Garbett,jgarbettfv@shop-pro.jp,Male,111.226.191.5,Training,41
573,Agace,Kenzie,akenziefw@360.cn,Female,193.167.188.243,Marketing,34
574,Constance,Start,cstartfx@state.gov,Female,142.21.4.170,Support,59
575,Lock,Pietrusiak,lpietrusiakfy@blogtalkradio.com,Genderqueer,66.89.180.156,Services,52
576,Casey,Leyton,cleytonfz@vimeo.com,Female,144.139.146.23,Training,41
577,Glyn,Standidge,gstandidgeg0@mapquest.com,Female,68.186.6.205,Human Resources,52
578,Nikoletta,Jenkison,njenkisong1@storify.com,Bigender,102.194.211.169,Services,50
579,Brett,Naisbet,bnaisbetg2@cbslocal.com,Female,33.105.38.210,Training,33
580,Giana,Olifard,golifardg3@arstechnica.com,Non-binary,186.207.182.115,Sales,36
581,Leicester,Derisly,lderislyg4@elegantthemes.com,Bigender,49.252.105.215,Legal,26
582,Kanya,MacEntee,kmacenteeg5@yandex.ru,Female,254.202.124.215,Support,45
583,Jobye,Kindred,jkindredg6@aol.com,Female,193.115.126.116,Services,60
584,Waldon,Paish,wpaishg7@abc.net.au,Male,239.68.161.99,Product Management,26
585,Gardy,Scherme,gschermeg8@constantcontact.com,Male,248.253.187.239,Services,59
586,Myrah,Kneeshaw,mkneeshawg9@rakuten.co.jp,Female,57.115.64.251,Sales,29
587,Zane,Prujean,zprujeanga@home.pl,Male,216.3.185.181,Sales,21
588,Rhona,Adacot,radacotgb@fotki.com,Female,71.181.182.59,Sales,39
589,Darryl,Skaife d'Ingerthorpe,dskaifedingerthorpegc@prweb.com,Male,203.203.36.220,Sales,35
590,Dniren,Crummey,dcrummeygd@people.com.cn,Female,124.156.119.68,Accounting,24
591,Enriqueta,Ansell,eansellge@amazon.co.jp,Female,170.251.54.240,Research and Development,23
592,Bea,Jedrys,bjedrysgf@comcast.net,Female,90.141.40.229,Sales,49
593,Paquito,Jacke,pjackegg@boston.com,Male,15.170.45.238,Training,23
594,Brennen,MacWhan,bmacwhangh@nydailynews.com,Male,234.213.77.70,Business Development,45
595,Budd,Horlick,bhorlickgi@sciencedirect.com,Non-binary,5.77.92.58,Business Development,69
596,Laurena,Pomroy,lpomroygj@seesaa.net,Female,80.22.187.168,Legal,37
597,Granger,Pigrome,gpigromegk@deliciousdays.com,Male,249.99.211.75,Engineering,18
598,Lissie,Swiggs,lswiggsgl@umn.edu,Female,184.139.232.187,Business Development,25
599,Madonna,Ambrogini,mambroginigm@dropbox.com,Female,129.85.194.27,Marketing,27
600,El,Sturzaker,esturzakergn@vk.com,Male,157.174.203.110,Business Development,42
601,Adan,Brocket,abrocketgo@amazon.com,Female,132.194.124.147,Product Management,20
602,Rosalie,Peaddie,rpeaddiegp@nsw.gov.au,Female,191.169.132.7,Engineering,59
603,Tamarah,Parkin,tparkingq@bloomberg.com,Female,43.77.58.204,Training,34
604,Boigie,Clymo,bclymogr@ucoz.ru,Male,161.86.26.5,Engineering,28
605,Tanhya,Beels,tbeelsgs@wired.com,Female,49.217.23.178,Product Management,62
606,Arley,Dabs,adabsgt@weather.com,Male,242.184.55.223,Engineering,28
607,Hugibert,Hawsby,hhawsbygu@theguardian.com,Male,175.243.187.174,Accounting,18
608,Hayyim,Burstowe,hburstowegv@is.gd,Male,53.187.202.239,Engineering,67
609,Julieta,Bunson,jbunsongw@toplist.cz,Female,255.116.125.82,Human Resources,60
610,Dodie,Cathersides,dcathersidesgx@ca.gov,Female,146.47.199.143,Engineering,20
611,Bjorn,Duran,bdurangy@columbia.edu,Male,222.26.78.198,Research and Development,41
612,Bradford,Tither,btithergz@ezinearticles.com,Male,230.190.213.202,Legal,67
613,Ware,Chiswell,wchiswellh0@usgs.gov,Male,234.202.147.180,Product Management,44
614,Reinwald,Van Hault,rvanhaulth1@cdc.gov,Male,213.199.192.181,Research and Development,21
615,Teodor,Ebbotts,tebbottsh2@opensource.org,Male,144.250.174.193,Marketing,57
616,Eduino,Bloy,ebloyh3@go.com,Male,192.233.244.119,Human Resources,46
617,Alfonse,Dilley,adilleyh4@weibo.com,Male,175.224.138.27,Services,55
618,Rudie,Bullene,rbulleneh5@php.net,Male,151.95.38.249,Sales,39
619,Kattie,Fritz,kfritzh6@qq.com,Female,217.28.69.219,Accounting,28
620,Rosalinda,Fright,rfrighth7@salon.com,Female,60.115.159.154,Support,22
621,Sergio,Jamme,sjammeh8@adobe.com,Male,111.26.203.171,Human Resources,33
622,Consuelo,Bentjens,cbentjensh9@360.cn,Female,65.150.19.224,Product Management,67
623,Damon,Pead,dpeadha@independent.co.uk,Male,15.23.98.240,Marketing,57
624,Ashla,Roo,aroohb@sitemeter.com,Female,93.151.13.5,Engineering,64
625,Ina,Coorington,icooringtonhc@netlog.com,Female,209.29.237.85,Research and Development,41
626,Kaitlin,Larenson,klarensonhd@dagondesign.com,Female,44.202.212.34,Engineering,57
627,Conrado,Robyns,crobynshe@mlb.com,Male,77.60.158.183,Business Development,58
628,Salmon,Crayker,scraykerhf@cmu.edu,Male,54.121.77.71,Sales,46
629,Edd,Falla,efallahg@godaddy.com,Male,226.173.253.225,Product Management,28
630,Craggy,Kardos-Stowe,ckardosstowehh@nytimes.com,Male,93.217.80.157,Human Resources,37
631,Dalila,Swancott,dswancotthi@goodreads.com,Female,79.45.112.57,Research and Development,32
632,Aurore,Chasmer,achasmerhj@last.fm,Female,21.50.188.20,Engineering,64
633,Quintilla,Ricciardiello,qricciardiellohk@cdbaby.com,Female,178.186.157.52,Accounting,54
634,Gan,Cadagan,gcadaganhl@furl.net,Male,203.145.246.104,Product Management,35
635,Blondell,Tripon,btriponhm@japanpost.jp,Female,177.178.253.40,Research and Development,28
636,Gertrudis,De Cristofalo,gdecristofalohn@typepad.com,Female,208.104.21.25,Research and Development,50
637,Preston,Brimley,pbrimleyho@ycombinator.com,Male,232.206.38.100,Human Resources,66
638,Reynolds,Gerrels,rgerrelshp@ox.ac.uk,Male,211.27.82.112,Training,23
639,Stace,Ridoutt,sridoutthq@narod.ru,Female,190.54.112.176,Legal,60
640,Alfi,Disman,adismanhr@rakuten.co.jp,Female,239.111.125.250,Research and Development,29
641,Rickert,Figger,rfiggerhs@archive.org,Male,166.45.14.50,Legal,68
642,Barbabra,Spellicy,bspellicyht@github.com,Female,190.41.141.199,Support,47
643,Everard,Ruckman,eruckmanhu@over-blog.com,Male,201.222.172.13,Product Management,31
644,Alyss,O'Conor,aoconorhv@studiopress.com,Non-binary,27.68.53.123,Services,70
645,Avis,Fenty,afentyhw@admin.ch,Female,181.45.13.230,Research and Development,26
646,Jaynell,Quantrill,jquantrillhx@pagesperso-orange.fr,Female,218.144.232.218,Marketing,63
647,Augustine,De Ferrari,adeferrarihy@ihg.com,Female,248.124.243.166,Human Resources,44
648,Blondelle,Peacey,bpeaceyhz@google.com,Female,94.63.181.229,Sales,32
649,Merry,Menham,mmenhami0@photobucket.com,Male,233.230.76.189,Research and Development,46
650,Magnum,Kingsmill,mkingsmilli1@wufoo.com,Male,153.102.26.241,Sales,61
651,Rickie,Behrens,rbehrensi2@vinaora.com,Female,78.18.81.192,Business Development,44
652,Tomas,Blandford,tblandfordi3@acquirethisname.com,Male,40.160.205.210,Human Resources,48
653,Belvia,Picopp,bpicoppi4@wired.com,Female,17.101.216.156,Marketing,68
654,Julietta,Ellson,jellsoni5@mail.ru,Female,35.237.168.217,Services,34
655,Shaine,Dufton,sduftoni6@liveinternet.ru,Male,152.142.172.232,Support,56
656,Melba,Paraman,mparamani7@printfriendly.com,Female,5.237.84.110,Human Resources,20
657,Hubey,Kristufek,hkristufeki8@posterous.com,Non-binary,211.63.42.130,Services,55
658,Barb,Corden,bcordeni9@bbb.org,Female,222.123.147.179,Human Resources,70
659,Frederigo,MacKimmie,fmackimmieia@a8.net,Male,14.143.206.173,Legal,21
660,De,Houldey,dhouldeyib@flickr.com,Female,0.127.70.199,Training,66
661,Maighdiln,Antoney,mantoneyic@auda.org.au,Female,244.82.52.38,Business Development,64
662,Bette-ann,Crook,bcrookid@yelp.com,Female,37.14.11.58,Accounting,41
663,Nady,Senchenko,nsenchenkoie@washingtonpost.com,Bigender,8.184.48.220,Training,20
664,Faber,Suggate,fsuggateif@nyu.edu,Male,197.70.93.212,Services,52
665,Janet,Brydone,jbrydoneig@bigcartel.com,Female,194.26.167.13,Training,53
666,Parrnell,Axell,paxellih@smugmug.com,Male,102.24.201.73,Product Management,26
667,Billi,Suston,bsustonii@nsw.gov.au,Female,119.208.121.124,Product Management,23
668,Candida,McGilroy,cmcgilroyij@businessinsider.com,Female,165.32.47.87,Sales,48
669,Blaire,Chivrall,bchivrallik@si.edu,Female,181.149.93.248,Support,65
670,Ingrid,Greener,igreeneril@npr.org,Polygender,137.112.176.218,Legal,65
671,Tootsie,Hoyt,thoytim@imgur.com,Female,11.128.227.99,Support,35
672,Paule,Feldbrin,pfeldbrinin@sourceforge.net,Female,48.16.23.155,Sales,55
673,Valentijn,Dan,vdanio@infoseek.co.jp,Male,182.143.36.155,Business Development,69
674,Grantham,Daniele,gdanieleip@fc2.com,Male,82.110.217.163,Training,33
675,Tomasina,Ekins,tekinsiq@blog.com,Female,148.46.153.29,Training,64
676,Henrietta,Challen,hchallenir@surveymonkey.com,Female,235.201.39.159,Business Development,63
677,Clive,Buckthorpe,cbuckthorpeis@cyberchimps.com,Male,178.228.145.123,Training,62
678,Kliment,Buffey,kbuffeyit@wp.com,Male,232.216.164.252,Services,37
679,Bruce,Nudde,bnuddeiu@furl.net,Male,111.192.26.220,Sales,39
680,Cinda,Rosi,crosiiv@wikipedia.org,Female,56.79.89.186,Engineering,32
681,Devi,Kliesl,dkliesliw@nifty.com,Female,178.61.208.28,Training,45
682,Gae,Fender,gfenderix@cnbc.com,Female,23.80.69.112,Business Development,30
683,Christy,Avramovsky,cavramovskyiy@icio.us,Female,5.129.197.202,Marketing,22
684,Hinze,Stapforth,hstapforthiz@mysql.com,Male,152.253.36.11,Business Development,31
685,Cheri,Munt,cmuntj0@netlog.com,Female,204.60.158.68,Human Resources,21
686,Katine,Ackwood,kackwoodj1@macromedia.com,Female,87.134.56.77,Support,67
687,Martino,Husbands,mhusbandsj2@prnewswire.com,Male,123.120.68.219,Engineering,23
688,Madelon,Browne,mbrownej3@dmoz.org,Female,119.228.93.238,Sales,52
689,Fritz,Hanham,fhanhamj4@nymag.com,Polygender,197.38.14.159,Sales,70
690,Ricard,de Keyser,rdekeyserj5@mlb.com,Male,25.175.155.161,Services,56
691,Torrence,Keijser,tkeijserj6@sohu.com,Male,132.223.215.112,Accounting,30
692,Brittaney,Albasini,balbasinij7@sun.com,Female,146.199.85.193,Research and Development,45
693,Chip,Dericut,cdericutj8@prlog.org,Male,62.1.109.139,Legal,58
694,Bernardine,Defrain,bdefrainj9@arizona.edu,Female,184.153.165.146,Legal,39
695,Oberon,Whiteway,owhitewayja@google.com,Male,89.41.10.31,Product Management,42
696,Llewellyn,Balle,lballejb@purevolume.com,Male,63.87.206.1,Accounting,43
697,Niels,Bahde,nbahdejc@bbc.co.uk,Male,118.233.125.143,Human Resources,22
698,Ruthe,D'Aeth,rdaethjd@java.com,Female,222.17.152.241,Marketing,38
699,Munroe,Bracco,mbraccoje@bing.com,Male,216.247.72.198,Services,27
700,Eugenia,Dreghorn,edreghornjf@spotify.com,Female,127.187.115.13,Legal,54
701,Tandy,Eggar,teggarjg@cloudflare.com,Female,128.247.52.61,Product Management,65
702,Marigold,Keohane,mkeohanejh@biglobe.ne.jp,Bigender,12.249.163.204,Legal,70
703,Corrianne,Martyns,cmartynsji@clickbank.net,Female,171.249.178.1,Product Management,40
704,Jo,Di Meo,jdimeojj@reference.com,Agender,119.244.46.48,Marketing,63
705,Ramona,Glasby,rglasbyjk@opensource.org,Female,212.1.68.166,Business Development,49
706,Shelbi,Endrici,sendricijl@mapy.cz,Female,101.132.43.245,Product Management,23
707,Edmund,Carnock,ecarnockjm@cnet.com,Male,68.39.161.205,Accounting,22
708,Diannne,Pahl,dpahljn@mapy.cz,Female,51.122.41.71,Services,36
709,Tuck,Instock,tinstockjo@geocities.jp,Male,251.165.166.2,Training,26
710,Selig,Burbage,sburbagejp@seattletimes.com,Male,44.120.190.190,Research and Development,20
711,Roy,Milby,rmilbyjq@icio.us,Male,115.243.106.54,Marketing,49
712,Lazaro,Portchmouth,lportchmouthjr@tmall.com,Male,54.114.244.66,Services,70
713,Zandra,Cumo,zcumojs@nasa.gov,Female,159.82.160.12,Business Development,50
714,Kathrine,Garnar,kgarnarjt@unicef.org,Female,124.155.250.211,Research and Development,31
715,Brendan,Quinnell,bquinnellju@dagondesign.com,Male,33.70.88.56,Business Development,42
716,Corly,Raitie,craitiejv@smh.com.au,Female,167.169.245.15,Human Resources,25
717,Delinda,De Bruijn,ddebruijnjw@domainmarket.com,Female,239.101.40.116,Research and Development,42
718,Star,Bigglestone,sbigglestonejx@alibaba.com,Female,12.172.113.103,Legal,59
719,Wendall,Clorley,wclorleyjy@drupal.org,Male,75.67.85.73,Product Management,52
720,Tomi,Lehrmann,tlehrmannjz@aol.com,Female,57.108.69.137,Training,59
721,Kathe,Igo,kigok0@creativecommons.org,Female,239.215.254.132,Services,59
722,Melitta,Behrend,mbehrendk1@vimeo.com,Female,81.165.71.86,Training,55
723,Marga,Roxbrough,mroxbroughk2@usatoday.com,Female,231.118.7.21,Product Management,52
724,Howey,Hembry,hhembryk3@answers.com,Male,236.203.96.25,Research and Development,25
725,Abbe,Dickey,adickeyk4@economist.com,Male,71.192.120.135,Human Resources,68
726,Dorita,Gerrad,dgerradk5@ft.com,Female,6.25.152.236,Legal,20
727,Torrance,Wareham,twarehamk6@latimes.com,Male,96.187.150.200,Accounting,34
728,Ragnar,Walcar,rwalcark7@multiply.com,Genderfluid,152.131.188.145,Human Resources,44
729,Corri,Enston,censtonk8@pagesperso-orange.fr,Female,23.152.205.164,Product Management,40
730,Pincus,Stainfield,pstainfieldk9@usda.gov,Male,34.31.146.216,Sales,19
731,Marvin,Brownsword,mbrownswordka@psu.edu,Male,38.161.145.79,Training,64
732,Andre,Gosby,agosbykb@blog.com,Male,177.18.50.77,Training,68
733,Barney,Wanek,bwanekkc@usa.gov,Male,230.165.158.152,Marketing,21
734,Tab,Jeratt,tjerattkd@livejournal.com,Male,122.142.79.84,Sales,67
735,Lev,Quincey,lquinceyke@icq.com,Male,63.171.100.159,Human Resources,52
736,Valerie,Lembrick,vlembrickkf@earthlink.net,Female,147.236.182.231,Training,63
737,Sarah,Gronw,sgronwkg@google.com.br,Female,32.222.61.90,Human Resources,61
738,Orlando,Croy,ocroykh@cdbaby.com,Male,58.244.97.138,Support,58
739,Hobart,Bramich,hbramichki@hostgator.com,Male,203.64.112.89,Services,27
740,Kristal,Hourihane,khourihanekj@macromedia.com,Female,83.20.29.114,Legal,26
741,Jayme,Lemin,jleminkk@wisc.edu,Male,228.222.190.187,Legal,21
742,Tiff,Broadbear,tbroadbearkl@dot.gov,Female,105.202.14.206,Services,56
743,Cate,O'Mannion,comannionkm@hugedomains.com,Female,143.105.243.140,Accounting,64
744,Jennie,Angrove,jangrovekn@paginegialle.it,Female,205.241.198.50,Human Resources,60
745,Euell,Willgoose,ewillgooseko@zimbio.com,Male,186.224.205.228,Support,69
746,Jacki,Bramall,jbramallkp@addthis.com,Female,108.221.108.201,Business Development,70
747,Ulysses,Selwin,uselwinkq@chron.com,Male,210.68.81.113,Product Management,57
748,Thurstan,Huntriss,thuntrisskr@dmoz.org,Male,52.72.74.9,Marketing,64
749,Inigo,Hounihan,ihounihanks@indiatimes.com,Genderfluid,193.72.83.168,Support,60
750,Arlyne,Batchan,abatchankt@blogs.com,Female,138.70.83.0,Services,47
751,Amory,Currao,acurraoku@example.com,Male,211.164.222.45,Research and Development,47
752,Theo,Witard,twitardkv@archive.org,Female,210.66.159.190,Product Management,42
753,Georgianne,Arundell,garundellkw@woothemes.com,Female,166.150.46.60,Support,37
754,Aksel,Dunkinson,adunkinsonkx@cdbaby.com,Male,186.99.6.69,Product Management,37
755,Oralla,Eric,oericky@blogs.com,Female,75.194.23.93,Marketing,47
756,Augustine,Coathup,acoathupkz@jigsy.com,Female,223.160.204.187,Business Development,67
757,Amalia,Lillow,alillowl0@usgs.gov,Female,163.116.178.220,Research and Development,43
758,Shaina,Bousquet,sbousquetl1@creativecommons.org,Female,54.122.98.188,Support,59
759,Ann,Beszant,abeszantl2@youku.com,Female,72.48.182.87,Product Management,63
760,Sheppard,Smales,ssmalesl3@ucoz.com,Male,50.141.95.213,Accounting,45
761,Simonette,Steggles,sstegglesl4@soundcloud.com,Female,86.197.34.239,Product Management,36
762,Ikey,Duquesnay,iduquesnayl5@flickr.com,Male,74.186.221.245,Product Management,25
763,Dodie,Iorizzi,diorizzil6@japanpost.jp,Female,205.158.167.202,Support,23
764,Muhammad,McLean,mmcleanl7@aboutads.info,Male,8.33.23.81,Support,23
765,Frannie,Sharple,fsharplel8@shareasale.com,Female,134.169.98.79,Support,70
766,Al,MacTavish,amactavishl9@google.fr,Male,11.140.10.25,Business Development,33
767,Culver,Di Francecshi,cdifrancecshila@kickstarter.com,Male,95.128.120.6,Training,53
768,Matthiew,Jerram,mjerramlb@ibm.com,Male,1.75.76.87,Training,67
769,Cheri,Lichfield,clichfieldlc@upenn.edu,Bigender,61.202.39.118,Marketing,42
770,Odelle,Martindale,omartindaleld@pcworld.com,Female,13.141.26.15,Services,61
771,Lorene,Carriage,lcarriagele@miitbeian.gov.cn,Female,67.166.228.89,Support,57
772,Cornela,Matysik,cmatysiklf@squarespace.com,Bigender,154.167.60.11,Legal,19
773,Stanley,Monksfield,smonksfieldlg@hp.com,Male,38.33.177.89,Product Management,58
774,Audry,Rosewarne,arosewarnelh@jimdo.com,Polygender,12.39.241.216,Legal,44
775,Shaun,Harp,sharpli@live.com,Male,100.94.207.51,Training,39
776,Bran,Horsewood,bhorsewoodlj@go.com,Male,195.5.47.234,Sales,28
777,Basia,Dacombe,bdacombelk@wp.com,Female,123.205.152.180,Services,65
778,Creighton,Whooley,cwhooleyll@yale.edu,Male,166.198.57.195,Engineering,52
779,Jillene,Cardinal,jcardinallm@mail.ru,Female,241.158.140.112,Business Development,46
780,Haroun,Wayt,hwaytln@gizmodo.com,Male,4.230.104.173,Services,63
781,Daren,Banham,dbanhamlo@amazon.co.uk,Male,92.94.155.75,Marketing,46
782,Fabiano,MacAndrew,fmacandrewlp@microsoft.com,Male,180.1.141.153,Business Development,63
783,Adriana,Fairy,afairylq@weebly.com,Female,105.137.234.31,Research and Development,65
784,Holt,Carde,hcardelr@harvard.edu,Male,145.25.174.17,Business Development,52
785,Cletis,Comettoi,ccomettoils@usnews.com,Male,71.64.18.92,Training,42
786,Alvinia,Brunetti,abrunettilt@nationalgeographic.com,Female,183.119.88.2,Accounting,31
787,Wallis,Longhorn,wlonghornlu@webnode.com,Male,173.92.175.163,Human Resources,30
788,Violet,Clute,vclutelv@weibo.com,Polygender,146.159.144.247,Business Development,41
789,Alexander,Tenny,atennylw@umich.edu,Male,64.36.199.219,Training,55
790,Kelwin,Sousa,ksousalx@cafepress.com,Male,201.141.224.240,Training,28
791,Roxie,Purton,rpurtonly@themeforest.net,Female,201.173.34.57,Training,61
792,Amalea,Roussell,arousselllz@desdev.cn,Female,204.144.36.12,Marketing,30
793,Cairistiona,Cursons,ccursonsm0@cisco.com,Female,39.221.143.229,Legal,36
794,Camile,Siemon,csiemonm1@indiegogo.com,Female,138.44.166.239,Training,33
795,Rhody,Duinbleton,rduinbletonm2@icio.us,Female,120.122.44.158,Legal,69
796,Briano,Murphy,bmurphym3@ucoz.ru,Genderqueer,44.239.104.231,Training,69
797,Delmer,Bettanay,dbettanaym4@hud.gov,Male,116.86.20.127,Accounting,32
798,Gallagher,Dolligon,gdolligonm5@seattletimes.com,Male,41.32.83.126,Human Resources,40
799,Alanna,Spearett,aspearettm6@netvibes.com,Female,24.78.148.144,Support,59
800,Huey,Inskipp,hinskippm7@marriott.com,Male,254.10.163.115,Accounting,52
801,Luis,Hackley,lhackleym8@amazon.de,Male,50.2.127.50,Human Resources,39
802,Mike,Pikesley,mpikesleym9@jigsy.com,Male,221.247.207.126,Product Management,58
803,Anderea,Garnall,agarnallma@yale.edu,Female,74.80.101.12,Sales,29
804,Isa,Walwood,iwalwoodmb@webnode.com,Male,200.125.36.195,Legal,62
805,Laurel,Ricart,lricartmc@topsy.com,Female,252.251.3.42,Support,23
806,Tyrus,Mcmanaman,tmcmanamanmd@wix.com,Male,242.84.111.93,Services,20
807,Kippy,Lethardy,klethardyme@is.gd,Female,83.129.126.162,Services,25
808,Welbie,Siebart,wsiebartmf@purevolume.com,Male,112.234.11.47,Services,35
809,Valina,Bravey,vbraveymg@businesswire.com,Female,12.142.49.27,Accounting,64
810,Neile,Spriggen,nspriggenmh@typepad.com,Female,238.230.149.194,Business Development,69
811,Sarena,McIlenna,smcilennami@si.edu,Female,239.48.67.32,Marketing,38
812,Frasco,De Biasi,fdebiasimj@about.com,Bigender,199.0.85.125,Research and Development,25
813,Josefina,Blackadder,jblackaddermk@phpbb.com,Polygender,56.27.194.242,Training,37
814,Lori,Ledwich,lledwichml@digg.com,Female,174.50.51.232,Engineering,59
815,Karissa,Flores,kfloresmm@tamu.edu,Female,231.150.71.219,Sales,59
816,August,Durbin,adurbinmn@360.cn,Male,144.229.223.211,Legal,69
817,Tony,Goalby,tgoalbymo@fda.gov,Female,205.144.93.23,Training,22
818,Marcelia,Denial,mdenialmp@list-manage.com,Female,11.112.97.150,Business Development,63
819,Philbert,Legerton,plegertonmq@prnewswire.com,Male,142.249.145.223,Training,68
820,Ferris,Issacoff,fissacoffmr@go.com,Male,153.212.77.241,Business Development,30
821,Bennie,Roantree,broantreems@cocolog-nifty.com,Female,109.52.31.154,Sales,40
822,Rickard,Fuidge,rfuidgemt@fc2.com,Male,16.110.61.189,Business Development,52
823,Abramo,Rillett,arillettmu@typepad.com,Male,5.114.172.56,Legal,38
824,Bobbee,Hayler,bhaylermv@state.tx.us,Female,146.182.249.192,Research and Development,49
825,Eddi,Gorriessen,egorriessenmw@springer.com,Female,10.199.158.114,Product Management,29
826,Maurizia,Spirit,mspiritmx@dropbox.com,Female,152.206.168.138,Support,58
827,Kelly,Raith,kraithmy@twitpic.com,Female,181.142.139.84,Support,36
828,Janice,Thomsen,jthomsenmz@cbslocal.com,Female,82.196.70.191,Marketing,38
829,Erhard,Ecclestone,eecclestonen0@miibeian.gov.cn,Male,51.222.8.24,Training,61
830,Georgeta,Doust,gdoustn1@boston.com,Genderqueer,97.44.23.81,Engineering,56
831,Steffen,Delyth,sdelythn2@zdnet.com,Male,219.25.47.61,Human Resources,67
832,Florri,Guidoni,fguidonin3@meetup.com,Female,104.154.17.14,Marketing,65
833,Esther,Witheridge,ewitheridgen4@bigcartel.com,Female,146.179.222.46,Human Resources,63
834,Fremont,Tutchener,ftutchenern5@dot.gov,Male,76.123.5.135,Training,25
835,Mohammed,Barnwell,mbarnwelln6@bbc.co.uk,Male,66.15.237.40,Training,41
836,Michael,Blogg,mbloggn7@mtv.com,Male,117.158.234.82,Human Resources,69
837,Brucie,Spirritt,bspirrittn8@bigcartel.com,Male,205.66.80.157,Accounting,32
838,Kessia,Silbert,ksilbertn9@posterous.com,Female,141.31.221.99,Legal,33
839,Haroun,Spender,hspenderna@phpbb.com,Male,149.79.226.111,Sales,44
840,Daphene,Rablan,drablannb@netvibes.com,Female,15.25.90.123,Engineering,61
841,Rafa,Soper,rsopernc@cpanel.net,Female,174.240.108.8,Sales,50
842,Ailene,Pollok,apolloknd@alexa.com,Female,84.200.112.243,Support,27
843,Susette,Rimes,srimesne@java.com,Female,213.198.29.132,Accounting,50
844,Margette,Bushaway,mbushawaynf@webmd.com,Non-binary,55.20.166.241,Legal,27
845,Cal,Laurent,claurentng@cpanel.net,Female,188.49.25.75,Product Management,24
846,Reinhold,Pulman,rpulmannh@artisteer.com,Male,7.1.242.117,Marketing,35
847,Abbe,Iannetti,aiannettini@privacy.gov.au,Male,227.181.112.119,Support,25
848,Daloris,Assiter,dassiternj@mashable.com,Female,52.210.53.38,Accounting,45
849,Del,Renals,drenalsnk@eventbrite.com,Female,157.21.67.6,Marketing,67
850,Upton,Ubank,uubanknl@bing.com,Male,169.221.206.149,Product Management,41
851,Even,Bram,ebramnm@smugmug.com,Male,118.112.132.188,Research and Development,53
852,Silvain,Firmage,sfirmagenn@walmart.com,Male,45.230.228.205,Product Management,66
853,Skipton,Clohisey,sclohiseyno@pcworld.com,Male,161.231.110.45,Research and Development,20
854,Shelli,Carle,scarlenp@slashdot.org,Female,195.17.135.49,Sales,60
855,Lucas,Knewstubb,lknewstubbnq@mozilla.com,Male,179.91.152.117,Human Resources,45
856,Roley,Coaker,rcoakernr@xing.com,Male,79.201.213.225,Research and Development,45
857,Marcellina,Galilee,mgalileens@ifeng.com,Bigender,235.209.137.81,Sales,46
858,Peyter,Oaker,poakernt@dropbox.com,Male,18.109.88.188,Services,47
859,Padget,MacMurray,pmacmurraynu@mac.com,Male,23.34.191.251,Research and Development,64
860,Dianna,Chaize,dchaizenv@yelp.com,Female,168.167.50.180,Marketing,65
861,Fianna,McKilroe,fmckilroenw@webnode.com,Female,125.84.34.196,Sales,20
862,Lin,Simm,lsimmnx@about.me,Male,244.127.33.17,Accounting,59
863,Dane,Fulks,dfulksny@prweb.com,Male,80.253.118.77,Legal,64
864,Reade,Rusted,rrustednz@shutterfly.com,Male,102.170.152.224,Engineering,48
865,Briny,Goodram,bgoodramo0@artisteer.com,Female,42.216.222.182,Sales,23
866,Ilise,Dungate,idungateo1@sfgate.com,Female,155.69.129.220,Engineering,52
867,Nixie,Benech,nbenecho2@howstuffworks.com,Female,10.44.175.70,Training,60
868,Darwin,Twede,dtwedeo3@list-manage.com,Male,222.29.149.105,Research and Development,36
869,Sonia,Bale,sbaleo4@live.com,Female,203.146.161.61,Sales,52
870,Cariotta,Evitt,cevitto5@marriott.com,Female,97.155.89.44,Sales,69
871,Rickie,Crayton,rcraytono6@dropbox.com,Male,159.101.173.215,Services,61
872,Leland,Gainsford,lgainsfordo7@ft.com,Female,99.211.197.85,Accounting,33
873,Conan,Bladesmith,cbladesmitho8@people.com.cn,Bigender,35.49.248.231,Training,42
874,Esme,Rainford,erainfordo9@soup.io,Male,105.142.139.121,Research and Development,28
875,Raoul,Braitling,rbraitlingoa@adobe.com,Male,28.122.210.255,Product Management,45
876,Theodora,Durbann,tdurbannob@europa.eu,Female,47.181.49.67,Services,64
877,Abie,Phin,aphinoc@webs.com,Male,211.215.129.242,Training,64
878,Ganny,Wreakes,gwreakesod@digg.com,Male,178.122.195.67,Training,55
879,Vanda,McRuvie,vmcruvieoe@bizjournals.com,Female,108.214.187.40,Product Management,65
880,Leopold,Ventam,lventamof@bloomberg.com,Polygender,59.156.143.34,Engineering,57
881,Jereme,Putton,jputtonog@sakura.ne.jp,Male,216.141.76.210,Support,56
882,Valentin,Wingatt,vwingattoh@sitemeter.com,Male,40.39.60.161,Business Development,22
883,Rorke,Chue,rchueoi@clickbank.net,Male,53.45.246.43,Support,27
884,Lita,Karpeev,lkarpeevoj@google.de,Female,221.109.196.56,Support,65
885,Caye,Tilly,ctillyok@statcounter.com,Genderqueer,46.56.229.9,Engineering,21
886,Caz,Mascall,cmascallol@constantcontact.com,Male,212.88.40.73,Marketing,24
887,Emelen,Bridgland,ebridglandom@china.com.cn,Male,117.99.48.140,Human Resources,49
888,Akim,Elger,aelgeron@shop-pro.jp,Male,7.101.241.24,Research and Development,33
889,Cleavland,Beale,cbealeoo@canalblog.com,Male,104.163.185.109,Engineering,40
890,Kayle,Matzl,kmatzlop@ifeng.com,Genderfluid,235.102.58.4,Services,65
891,Elianora,Hadenton,ehadentonoq@baidu.com,Genderqueer,169.86.36.195,Sales,60
892,Gus,Simononsky,gsimononskyor@nsw.gov.au,Male,28.163.100.0,Training,53
893,Diena,Gurwood,dgurwoodos@about.com,Female,184.34.124.232,Product Management,31
894,Ann-marie,Prahm,aprahmot@unc.edu,Female,185.206.2.239,Research and Development,68
895,Clemente,Zanitti,czanittiou@prlog.org,Male,169.11.134.136,Services,28
896,Ase,Jeroch,ajerochov@qq.com,Male,121.51.38.86,Product Management,43
897,Caryn,McLemon,cmclemonow@mtv.com,Agender,248.111.134.186,Product Management,20
898,Marci,Shrawley,mshrawleyox@tinyurl.com,Female,93.37.175.138,Human Resources,54
899,Avrom,Arnoldi,aarnoldioy@trellian.com,Non-binary,188.243.227.247,Product Management,44
900,Abran,Miller,amilleroz@vk.com,Male,3.175.243.22,Training,30
901,Leland,Chesser,lchesserp0@huffingtonpost.com,Male,0.246.9.68,Marketing,24
902,Cecilia,Kattenhorn,ckattenhornp1@wsj.com,Female,241.25.143.255,Training,58
903,Pacorro,Whardley,pwhardleyp2@reference.com,Male,0.4.227.240,Product Management,40
904,Elvyn,MacDermand,emacdermandp3@state.tx.us,Agender,92.113.233.44,Services,29
905,Harrietta,Allwright,hallwrightp4@smugmug.com,Female,163.37.232.13,Accounting,50
906,Heida,Everix,heverixp5@go.com,Female,91.218.90.30,Training,18
907,Gratia,Winscomb,gwinscombp6@sfgate.com,Female,114.32.140.168,Legal,55
908,Susana,Oxer,soxerp7@jimdo.com,Female,37.103.192.62,Support,20
909,Bernard,Shearman,bshearmanp8@harvard.edu,Male,133.223.158.66,Human Resources,34
910,Lanie,Ansill,lansillp9@oaic.gov.au,Female,33.172.26.55,Accounting,20
911,Anselma,Pockett,apockettpa@cyberchimps.com,Female,223.141.128.199,Accounting,53
912,Suki,Hovington,shovingtonpb@freewebs.com,Bigender,178.34.83.22,Human Resources,36
913,Rockey,Langfat,rlangfatpc@hostgator.com,Male,253.188.129.255,Business Development,42
914,Kristofor,Coppledike,kcoppledikepd@unc.edu,Male,107.149.119.152,Product Management,18
915,Marylee,Turmel,mturmelpe@comsenz.com,Female,55.199.114.200,Human Resources,40
916,Rube,Honisch,rhonischpf@nih.gov,Male,235.194.237.222,Support,25
917,Lemar,Geeves,lgeevespg@google.com,Bigender,110.70.168.173,Training,56
918,Eldredge,Taveriner,etaverinerph@chronoengine.com,Male,210.203.186.230,Support,26
919,Brnaby,Scroggins,bscrogginspi@meetup.com,Male,18.51.252.155,Services,50
920,Gavrielle,Renn,grennpj@e-recht24.de,Female,55.253.16.117,Support,25
921,Kalvin,Goldhill,kgoldhillpk@wunderground.com,Male,80.226.184.92,Services,68
922,Lon,Hallgath,lhallgathpl@discovery.com,Male,206.188.106.123,Services,33
923,Berkeley,Skipsea,bskipseapm@vimeo.com,Male,231.45.129.91,Human Resources,38
924,Leese,Langfitt,llangfittpn@uol.com.br,Genderqueer,145.67.85.217,Marketing,42
925,Ring,Braikenridge,rbraikenridgepo@jalbum.net,Male,176.71.173.42,Legal,29
926,Griff,Mil,gmilpp@abc.net.au,Male,189.94.252.79,Legal,24
927,Emiline,Blaydes,eblaydespq@freewebs.com,Female,85.126.183.106,Support,19
928,Elbert,Bullar,ebullarpr@nationalgeographic.com,Agender,70.193.184.216,Accounting,52
929,Maynord,Sines,msinesps@senate.gov,Male,16.182.224.39,Engineering,20
930,Kelsey,Darrington,kdarringtonpt@yelp.com,Female,148.42.38.171,Accounting,68
931,Camey,Bazley,cbazleypu@issuu.com,Male,59.21.141.51,Business Development,63
932,Helenelizabeth,O' Donohoe,hodonohoepv@networksolutions.com,Female,28.9.221.174,Training,60
933,Hamil,Delacroix,hdelacroixpw@wikipedia.org,Male,31.185.134.182,Legal,41
934,Egon,Cosbee,ecosbeepx@newyorker.com,Male,211.253.140.85,Engineering,40
935,Budd,Vurley,bvurleypy@psu.edu,Male,244.117.6.35,Legal,62
936,Maible,Shearsby,mshearsbypz@usatoday.com,Female,52.41.215.87,Human Resources,60
937,Ky,Reddle,kreddleq0@java.com,Bigender,111.119.97.106,Business Development,46
938,Sigismundo,Scalia,sscaliaq1@hostgator.com,Male,162.155.238.127,Sales,18
939,Merrill,Acott,macottq2@washington.edu,Female,174.61.251.23,Product Management,62
940,Audra,Dyson,adysonq3@instagram.com,Polygender,59.113.88.121,Support,38
941,Ashlan,Chisholme,achisholmeq4@netlog.com,Female,55.93.30.211,Accounting,23
942,Drusy,Turbard,dturbardq5@odnoklassniki.ru,Female,153.32.195.28,Research and Development,43
943,Rollin,Joanaud,rjoanaudq6@ucsd.edu,Polygender,143.43.110.68,Legal,29
944,Dionysus,Cansdill,dcansdillq7@feedburner.com,Male,33.204.145.97,Training,32
945,Nico,Haggett,nhaggettq8@tumblr.com,Male,47.134.53.205,Product Management,45
946,Nero,Ambler,namblerq9@eepurl.com,Genderfluid,239.230.124.144,Business Development,26
947,Judith,Demoge,jdemogeqa@wix.com,Female,181.84.219.40,Engineering,42
948,Andre,Gyde,agydeqb@alexa.com,Male,39.28.77.220,Training,64
949,Aldis,Moir,amoirqc@bigcartel.com,Male,25.36.59.146,Legal,54
950,Murdoch,Rumney,mrumneyqd@networksolutions.com,Male,109.177.181.24,Services,39
951,Sal,Fardy,sfardyqe@engadget.com,Female,225.112.199.102,Product Management,46
952,Glyn,Carles,gcarlesqf@ebay.co.uk,Female,76.25.92.119,Services,64
953,Anestassia,Matterson,amattersonqg@slashdot.org,Female,52.217.250.160,Marketing,66
954,Sheena,Duchant,sduchantqh@imageshack.us,Female,83.36.43.187,Legal,60
955,Sandor,Albinson,salbinsonqi@issuu.com,Male,242.78.219.94,Support,40
956,Ferdie,Bernollet,fbernolletqj@mtv.com,Genderqueer,48.216.161.167,Engineering,58
957,Piotr,Maltster,pmaltsterqk@springer.com,Male,75.117.95.46,Research and Development,56
958,Hillary,Cleynman,hcleynmanql@dmoz.org,Female,73.149.57.206,Product Management,18
959,Sunny,Pirie,spirieqm@google.co.jp,Male,231.70.238.60,Business Development,69
960,Emmy,Henryson,ehenrysonqn@zimbio.com,Male,122.108.53.172,Human Resources,21
961,Griff,Blanque,gblanqueqo@jigsy.com,Non-binary,1.11.47.173,Product Management,29
962,Cliff,Taffarello,ctaffarelloqp@unesco.org,Male,94.25.187.178,Human Resources,37
963,Cointon,Bloys,cbloysqq@uiuc.edu,Male,65.145.125.231,Legal,47
964,Howie,Blackman,hblackmanqr@twitter.com,Male,107.113.243.187,Business Development,21
965,Aubert,Goalby,agoalbyqs@cpanel.net,Male,162.10.170.18,Services,55
966,Jandy,Rewan,jrewanqt@imageshack.us,Female,133.210.171.99,Product Management,18
967,Wittie,Redhouse,wredhousequ@cpanel.net,Male,217.71.60.240,Engineering,41
968,Gabi,Mouser,gmouserqv@yale.edu,Male,128.29.151.23,Research and Development,68
969,Claretta,Archanbault,carchanbaultqw@jimdo.com,Female,96.38.19.63,Business Development,37
970,Hamel,Doore,hdooreqx@ning.com,Polygender,154.143.198.97,Human Resources,65
971,Oliy,Cake,ocakeqy@usgs.gov,Female,121.212.124.240,Research and Development,66
972,Oralie,Aspel,oaspelqz@nba.com,Female,142.190.83.62,Training,33
973,Ajay,Ford,afordr0@icq.com,Female,123.169.182.68,Accounting,32
974,Zacharie,Ubsdale,zubsdaler1@rambler.ru,Male,50.88.202.224,Training,49
975,Nathalie,Hallock,nhallockr2@goodreads.com,Female,69.59.183.77,Human Resources,24
976,Randy,Shipcott,rshipcottr3@deviantart.com,Male,23.50.94.128,Research and Development,41
977,Maggy,Morden,mmordenr4@comcast.net,Female,74.217.59.72,Services,34
978,Pietro,Buzek,pbuzekr5@multiply.com,Male,125.188.39.188,Product Management,65
979,Isis,Noods,inoodsr6@slate.com,Female,150.40.142.234,Legal,28
980,Greer,Storr,gstorrr7@friendfeed.com,Female,219.241.172.10,Marketing,34
981,Gwen,Goozee,ggoozeer8@mail.ru,Female,52.179.0.123,Support,55
982,Jayne,Sebire,jsebirer9@netlog.com,Female,181.119.96.82,Business Development,57
983,Dalli,Alphege,dalphegera@unblog.fr,Male,148.141.173.109,Business Development,32
984,Cristie,Phibb,cphibbrb@epa.gov,Female,176.167.6.170,Training,53
985,Marietta,Skyppe,mskypperc@aol.com,Male,204.10.86.255,Training,60
986,Byrle,Brazel,bbrazelrd@fda.gov,Non-binary,189.51.119.53,Support,64
987,Donnie,Elam,delamre@cnn.com,Male,36.244.172.213,Engineering,35
988,Colman,Szantho,cszanthorf@apache.org,Male,185.127.48.243,Human Resources,27
989,Flory,Comoletti,fcomolettirg@stanford.edu,Female,78.4.73.54,Business Development,55
990,Fanchon,Becaris,fbecarisrh@examiner.com,Female,36.56.110.226,Services,56
991,Tiffani,Schoales,tschoalesri@wisc.edu,Bigender,115.197.133.18,Product Management,70
992,Iris,Hartness,ihartnessrj@webmd.com,Female,51.11.163.168,Support,61
993,Luke,Izhaky,lizhakyrk@shutterfly.com,Male,163.213.155.167,Human Resources,38
994,Maxie,Clifforth,mclifforthrl@xrea.com,Male,243.142.207.204,Marketing,19
995,Chase,Flowith,cflowithrm@baidu.com,Male,7.38.234.175,Services,32
996,Kerry,Wallwood,kwallwoodrn@prnewswire.com,Female,157.246.233.55,Accounting,43
997,Camel,Bilovsky,cbilovskyro@imgur.com,Female,126.130.62.117,Product Management,47
998,Desmond,Egle,deglerp@uol.com.br,Male,57.70.21.21,Human Resources,56
999,Saundra,Roselli,srosellirq@dyndns.org,Male,19.27.93.191,Human Resources,62
1000,Crin,Jenicke,cjenickerr@nba.com,Bigender,91.20.79.23,Product Management,33
